vol,N1_moy,ALT_moy,TAT_moy,M_moy,Q_moy
0,110.72945019509022,22459.193318897916,3.63585505237536,0.4785185748235858,9188.17536458623
1,110.88823875047349,21832.415072647887,8.631358444995548,0.47956042714386127,9378.775697885534
2,110.73112567451227,22706.666023487385,3.1416923400301133,0.48310046199808804,9269.162854969209
3,110.16402682540169,24046.42294393587,-6.556275133729806,0.49302101756406685,8970.060813112937
4,104.05319881780343,17405.82601371597,-0.656237798780048,0.4411799972253606,9051.320585539865
5,105.17208449698072,17661.45443381579,0.30237828088354884,0.4486282983,9373.57229740579
6,109.95405163609637,22171.292899128002,-12.468687674315218,0.43475528328913043,9208.236478226388
7,105.72609078431557,23427.57397116336,-23.82988860283175,0.4887570339196768,8532.179379989688
8,107.80127499790188,20332.96562142406,-1.2671625149300776,0.4602136631603773,9295.888533749841
9,109.49552376042868,18926.01030359629,2.077512142255293,0.4235506765273973,9783.504698612393
10,104.63877554128052,23767.40430899723,-26.316732766450407,0.4872900836240816,8166.381838747284
11,106.13161354629925,23308.619363148493,-23.502402349194032,0.4906190301743756,8655.253677345176
12,107.98582736745146,22364.1614906794,-9.81320689592189,0.48430182064378385,9110.957704748402
13,104.17537160667442,19625.157632917293,-20.416914124204762,0.4576100808095238,8951.370885385473
14,106.39036211486768,20989.57628177231,-16.40815364832368,0.4702799184600674,9134.300981325057
15,100.03373922003979,17505.2249960235,-14.796653309902924,0.4531585977479124,8439.554805162965
16,106.11668871232993,19094.38553212728,-12.53381623382382,0.4632155220590551,9510.007721529038
17,105.76731476931388,22666.5516497155,-18.518336063473434,0.4790906558709678,8526.429698366253
18,107.28566954122687,22398.08815690765,-11.027449752791846,0.482956555070279,8928.389603154275
19,107.36634921530187,23731.341120534853,-16.86651808938049,0.491613641967033,8691.586923606577
20,103.82583474282406,21788.707738561003,-11.894326346398243,0.4687783130144531,8228.654374193287
21,108.29258264320502,22447.968789835177,-9.311879007671378,0.48519528189928063,9118.161747523676
22,108.52794871048718,23684.77965673945,-13.974544617522097,0.4939363093756906,8950.751444913813
23,108.89097855180913,19129.737790348263,-4.83175976677086,0.44193400876380373,9812.53486340377
24,104.98171548782875,19935.13022067781,-9.362085084966287,0.46571446792997917,8840.351300541244
25,110.01221276460417,21627.628905760477,-9.6260161842594,0.4319285418243244,9277.094698773133
26,107.95944499612493,23426.356796645116,-12.556635062553488,0.4935102365846511,8823.892864422429
27,107.13398276891259,20942.36250313543,-10.498850407704097,0.46749513019672123,9140.048487813203
28,104.8833737179545,18768.288720769742,-7.695236462878204,0.43604350273076925,8918.40368902711
29,106.65708358264665,19287.32127661288,-7.303358383190506,0.4547127688917722,9448.37257093526
30,107.94489445694207,22548.047040531997,-14.134462215870347,0.4845457355642933,9082.339187719634
31,105.62651751923975,20732.405131065756,-10.355707074343243,0.45834910189724076,8715.389181655399
32,108.38308623144557,21844.122766833494,-10.95889803723856,0.4668624266666667,9145.385372266013
33,104.42084014107881,18460.94646216088,-8.369601362370629,0.44253956071153855,9008.147835766444
34,103.82222347885816,7216.747987677211,2.0645330061463816,0.31980010275000004,11452.96411676908
35,107.2653871529915,22690.193237602656,-13.255518475707373,0.49114276069354845,8852.995923170272
36,108.18225251285423,22116.08394356163,-12.635806086322525,0.47194037875434114,9145.377360464507
37,104.14527988492752,18319.777960239328,-8.995583573068107,0.4479997607980769,9012.74360457124
38,108.65450246688303,22455.254929492767,-12.14345738888923,0.47803963973076924,9209.735271923726
39,105.58888099145742,22568.74743474275,-13.374087401626353,0.4810736264945849,8451.183082275393
40,107.96020443415995,22294.682345819976,-11.4108274460875,0.4802024320078126,9084.90470678435
41,100.58391841679972,15905.693829797057,-5.608009714195122,0.42835892735213416,8691.91166675109
42,102.4164523993115,18984.45852834744,-11.307685747736429,0.4477037123846555,8417.467909439323
43,105.8775901074957,17393.335166665416,-9.075631112399794,0.40598780806611573,9503.741723701376
44,100.9527471300223,10771.601748244711,-0.10175698983529355,0.36354814482857145,9762.328803864148
45,101.30760360518094,11505.654245683265,-1.0571420610666662,0.3725657296714286,9709.217549439898
46,108.17894775515462,23912.561118512655,-13.222586111104794,0.49097211028767124,8698.761610848482
47,108.17894775515462,23912.561118512655,-13.222586111104794,0.49097211028767124,8698.761610848482
48,109.00692427450457,24245.094588558506,-13.440392771333181,0.49985528580818184,8874.154102064611
49,108.66410801977091,22118.456023493287,-10.104948444885553,0.48008977115094337,9254.729722113287
50,108.75658024215055,23608.86354858968,-13.289708818338866,0.4934715494282227,8951.061860899375
51,108.81708154818556,23989.810353160217,-12.204478968370587,0.4889455812692308,8882.396528294516
52,107.4550646098808,21312.436770807115,-9.748831944399168,0.4796141437300001,9270.075789154258
53,107.00954456845002,24623.988553816365,-13.374464871612759,0.5071761126043339,8298.611187265033
54,107.6344325784874,17748.894650591395,-6.468840326680041,0.4286852052222222,9950.771195935178
55,106.61234662450842,21174.064739019937,-12.603710491678457,0.4713971637169811,8964.379383321164
56,108.09359400287332,22359.2653090596,-11.811846757458556,0.4827731776402764,9124.115844877899
57,106.26795592259117,22136.859336842175,-13.829272789481726,0.46811321379819915,8625.480878575634
58,110.17181159999274,24081.93135767893,-4.37012152423065,0.4935683235667261,9038.860084357737
59,108.93141352717929,24317.28359101185,-13.292143391132731,0.4958852467693299,8822.68731679349
60,109.47721292127791,25123.857137505336,-13.251810004835574,0.49616315864507987,8754.59546214075
61,107.91923417048977,21087.121788197357,-11.056950524771528,0.4635367598702907,9229.297799382355
62,105.34672317097025,19345.704784842736,-10.411068806558035,0.4441843456623884,8998.891888625963
63,104.92575140103615,21935.330796934923,-14.188447966827995,0.4789604240389973,8528.739353012546
64,104.12954909723837,8206.881956224728,-0.9801165989977204,0.3251190302097265,11207.61772355312
65,101.19293797779723,12388.74687959846,-2.911721721724223,0.3822416488576105,9455.01047270578
66,104.64167048465363,16200.238863991257,-8.97139418361702,0.4206467833632219,9687.328084868095
67,105.3582089362682,15723.991636300725,-6.025107480181941,0.41355588865633425,9810.996998478415
68,109.18713054269394,22226.297853810178,-8.332387368684417,0.47524761810706284,9271.328050572773
69,108.32855944352126,19581.130569045377,-7.649900095501857,0.4537069324851302,9706.043195262502
70,103.14477297143858,13635.214573688329,5.150114715709581,0.3973997900209581,9612.469086856743
71,107.8797919936464,21208.72536139622,-11.585957638075154,0.46650075638757765,9303.347476568208
72,108.90311501259801,22843.34283422608,-9.168430623308438,0.4819602636881669,9041.75712231976
73,109.57512567038725,24637.83531583464,-10.53551225261413,0.4960793683125001,8832.441923350798
74,107.87030329537428,21533.66266694724,-10.03473691968831,0.4706158014788961,9216.692612120918
75,107.04178023806263,20457.074510403676,-7.081208960817969,0.46378449129696614,9280.814896750973
76,109.54053103366435,23949.53418825115,-5.8629379966241455,0.4889669308425768,8960.961691573446
77,107.54607051891566,18885.808750935066,-1.0559453079022698,0.44837133416330394,9498.095549105705
78,108.81260957238916,23842.481818851382,-11.762016595641716,0.4906940691393443,8882.220114259526
79,108.07681148643147,21993.968563190258,-11.548369653923935,0.47520998825265964,9090.047079804306
80,108.02060024407056,19937.939033436614,-7.193235661777099,0.4530420131216814,9514.840154965857
81,106.42437406092694,19697.4843283317,0.4405140679952294,0.45260489899236644,9006.23227415922
82,106.59585144238407,19362.418736093678,-2.876018963356477,0.4533198694507772,9201.528526230093
83,109.23525979020252,18954.38650212929,0.259315679204315,0.4478170619524112,9904.88547557873
84,109.27486451707388,19661.146473624354,-2.630756265441598,0.4553818046656734,9724.428618819766
85,107.4490137430265,20139.63919586616,-13.33290748755285,0.45817989310688834,9420.032431469966
86,107.60787418198971,23337.32435396527,-11.728866405501284,0.4973563968161954,8772.008035851584
87,109.64983604583351,22893.50593578783,-9.688965928932975,0.4650439464892761,9080.099958902534
88,107.74452498496287,23029.53691033624,-9.117308919323822,0.48600164723948497,8748.012818380133
89,108.86818441266978,22952.616977255962,-4.421539722702314,0.48574722622543354,8972.83504790461
90,109.23229916701278,24107.495804744463,-13.229360055703083,0.48583185316319133,8861.109788605621
91,109.51059794369867,22497.17784428524,-5.8761042224756075,0.4825436303597561,9271.55853641947
92,107.32499243379618,23697.09171949036,-13.491452367845373,0.49044642399264704,8640.344797583142
93,109.55241686902018,23783.543885580595,-8.776825140989551,0.48911464555970147,8984.986960676386
94,105.13391811233305,21316.419594325333,-11.265482293050827,0.4755670706964122,8571.600111078375
95,104.29874869839256,16166.76885198144,2.8619946385174564,0.4071537548697008,9031.684878685664
96,107.93321222135543,22217.651446133485,-13.43515245811271,0.469070187288703,9074.526755995774
97,109.08119894150558,24003.823041339187,-13.603749154252633,0.4889907182999999,8841.533435278308
98,109.6596457893412,22555.62653213776,-3.7521419336122817,0.482670334299589,9218.104349714335
99,105.83813647612766,20894.514067454886,-13.91046094313386,0.46970687976377945,8855.676385206796
100,109.78004223535577,22180.884158126097,-1.398865886336482,0.4744470052761628,9334.187104324403
101,107.64509047083516,22887.311630067088,-14.293237198025526,0.47371882971898854,8747.62180170848
102,106.95280731504721,21973.65462153449,-14.52405810592347,0.48731542290816326,9071.716182730132
103,106.62633638328046,23408.16524835714,-13.1528826572629,0.49912864182678135,8472.180073794752
104,108.10184365232215,24269.009679338345,-17.30697943777454,0.5009771239824715,8770.147031627126
105,108.66586772741667,23735.89201378191,-13.958651362339287,0.4950789662629869,8910.169436513846
106,109.8025008555676,23900.28790376112,-7.794191718744285,0.48910892252999993,8987.130047059123
107,107.93622874029668,23323.266413897738,-15.01493200171582,0.48110647588769534,8883.664893756835
108,107.92498464249628,21684.963063794086,-12.16741358262154,0.45667280665316207,9015.153069086933
109,108.45634326817519,22272.033043394084,-12.55907998462425,0.46991565396686746,9129.839674728875
110,109.46218237967206,22725.993099599204,-1.978557947776991,0.48928663839630687,9166.871644618235
111,109.52065802894577,24828.972057878866,-11.134756471376262,0.5033588370530303,8783.247186264263
112,108.51496559243893,24550.120361915666,-14.997303102239622,0.5034394863032491,8733.365171137573
113,109.19604101213417,23325.721985765493,-7.9338189469067055,0.48938089396355683,9042.25417013143
114,108.79150782223775,22415.960263405428,-10.204258376077151,0.48046593223442136,9192.513661419734
115,108.77646172130059,15620.183854682859,5.048468360082535,0.4226128839545455,10601.692521720599
116,107.95340439064424,21306.964260853754,-8.503379995114697,0.4802265137688173,9383.48796688149
117,108.7969731542029,22039.446207505098,-6.266472631610021,0.4743196613801535,9251.179426000705
118,107.68246309404422,17175.270774992787,-2.6282900613551505,0.42675958773605155,9920.893605924279
119,109.33108003341178,25479.7448538503,-13.453170211534092,0.5044671837187501,8594.310889227781
120,107.67565342181872,21612.789066286758,-5.930585657131843,0.4762649241786744,9032.774940353253
121,108.34973220113632,22673.538557086707,-9.41048240075604,0.4860643892620818,9084.52401474406
122,108.08477483661078,23211.150197248036,-11.658512458544726,0.4914829522610092,8872.434744125432
123,108.76947312717495,21937.204666240985,-8.637793195647436,0.47440535864423083,9323.238659744
124,107.46863216750138,21634.019048846083,-9.13147264884402,0.4733804213181819,9008.721763173848
125,109.59451629497087,22729.726710621228,-3.4881211362659172,0.48574210324321504,9215.806985949814
126,106.92264342726804,20961.454114984557,-7.3846073590285926,0.45510014622115386,8877.137132019861
127,109.15205903475693,24722.18804043662,-6.113737077948966,0.5112309120805785,8790.45863614603
128,108.63669779796126,24673.21543274964,-14.91652097093064,0.5029475736780468,8724.646555056082
129,105.95932990612012,20873.16761058577,-7.818845050341919,0.45926566622599535,8820.035556298304
130,109.01396539955192,21671.39435361783,-10.747086025132827,0.44579537014385157,9285.70494249238
131,106.85226879484964,21489.41467510242,-7.595831478508205,0.474510700125,8824.992172076132
132,108.99329292782501,20391.188456125677,-3.8960840520017372,0.47410177034895845,9730.139524336426
133,109.1550518519789,24708.425454910113,-10.911095327526478,0.4980761340913261,8745.470219775025
134,108.71183936903886,23827.16166464909,-9.636567563638033,0.49822022207547173,8968.699314587519
135,104.96037826211047,21033.65855768104,-3.8247126476707956,0.4739546212493596,8463.685122344546
136,109.69873467151533,22938.05980467571,-5.8960442228853545,0.4847571849275148,9230.268094664396
137,108.07482879167028,21698.749019563693,-4.93455491059553,0.46784779972691554,9001.639663315615
138,108.41253813804296,24189.541529565005,-21.06635550578375,0.47372033427049176,8776.09125753286
139,108.35963896725549,22254.792393933418,-4.567130799501145,0.4684516365326087,8964.951498672877
140,107.17043756267286,20475.868788150983,-1.067369326092341,0.4643427165045045,8998.86242232092
141,107.99089250539846,21877.837992511333,-3.8561659273,0.47813514934000007,8951.033098842894
142,109.96712619396467,24253.159643535804,-8.52710533632514,0.48759730778932586,8935.232825173027
143,109.23453044096522,21882.98348398698,-4.715737979421583,0.4569080822050939,9130.229893591952
144,108.77327630307894,22238.512156519988,-2.628323324481182,0.46929063330645165,8910.561962196072
145,106.93403452046303,20655.089819805948,-1.4807301102391304,0.46636007729206047,8920.271854333248
146,110.04317181089304,21095.99482525807,-2.5331869118690755,0.45715257086374406,9579.073755720872
147,108.90983990717278,21108.252887419447,-2.4807784171491796,0.4668755150606557,9333.588975480387
148,108.28361300971636,21631.09685696965,-11.120346964976854,0.47473894,9308.11105712572
149,104.616855394413,16605.767995240796,1.6204399283919906,0.43230072673725733,9281.376705742709
150,103.6344394361985,18123.957226335195,-0.19825518307175324,0.44257531442596815,8725.747994266168
151,100.283260275912,17290.840750348074,-0.7787550439350791,0.41637945055325704,8038.068481712014
152,109.13856271482481,22984.174706456535,-6.954885226399897,0.4804960213644765,9050.282189475261
153,104.705318273646,18705.700968888454,-1.8566357771932498,0.450189459045,8938.56841783012
154,109.04298597582154,20282.386805458216,-3.2411938629294883,0.45643961991208787,9597.896528445079
155,108.43040165041273,23313.801448768663,-7.230888660705128,0.4940094082153846,8790.269514265497
156,108.6517691235759,24311.593603335907,-11.185282683665445,0.49770518516727774,8744.147867153019
157,105.67071253512341,22291.334561108546,-5.993703605425519,0.4863171915503195,8405.145142930025
158,107.7013876668621,26010.964266635612,-17.187338742009967,0.5073635932288206,8171.8888090456285
159,107.76635210377528,21202.506601598056,-3.296243954268293,0.471728981266702,9040.325905686988
160,107.69442386845202,20997.637565341643,-4.6757152104491695,0.46234769301037343,9106.818403715335
161,109.81843355336352,23954.275191583427,-8.5512870743078,0.49468933599107145,9023.10057867627
162,109.62050780566807,22578.367682056596,-3.149099624149755,0.4825850475468294,9247.859822923856
163,102.29707751272781,17145.941539107574,0.886524643152961,0.4307480937349336,8583.45389851909
164,106.98426057271568,9201.106974262264,9.558574382102426,0.3383659222884097,11504.809617288733
165,108.11904708690814,18337.099158342964,-1.214502410517426,0.43757439027345846,9836.97757106178
166,105.28201438119235,18096.672352291374,-0.24095543305701284,0.44135356979634144,9184.867308930976
167,105.1910657962488,21647.2846076014,-5.655877649655039,0.47192928944573637,8489.574683323177
168,108.39292191849968,21876.903404777273,-11.67826103235685,0.4735868499913706,9292.846164915045
169,109.53538671832906,24799.586919724265,-10.40783499955213,0.5046042207606528,8834.502892458451
170,107.46959145430914,21261.556445368056,-4.96108214351734,0.4731214712904624,9041.259623416137
171,108.95804599362707,22889.28954801481,-8.307466784724317,0.47900429366776626,9022.137600050051
172,108.32672848057994,22009.645391107326,-7.639335797401271,0.4751692521210191,9130.37045614974
173,108.15764188569598,22892.524920895907,-7.199801564712792,0.48773563602591974,8927.689847450929
174,108.8415486338242,21961.37378849313,-7.630379542062693,0.48615517350000004,9328.174599278662
175,108.87906325818723,21658.651942239663,-6.150126215034675,0.4485517903457808,9034.495902114508
176,109.87898056024653,22732.74756454105,-4.439513838226794,0.48601595552727284,9277.62657896702
177,109.46891361345924,21916.75497724364,-7.771786948597462,0.46274255948375637,9359.824010248665
178,106.42656213530609,5859.250450531852,14.504932392006149,0.2891986298114754,11864.167783322
179,107.41709586832029,22003.262658992313,-13.745280457506466,0.4726601863108836,8942.513853239105
180,107.29508555051821,18436.387358873835,-0.0721722105589005,0.4360839479764398,9489.01380558359
181,106.16374550001325,20031.139080231773,-2.5026434369412653,0.4618062637093373,9038.53823315028
182,109.48358297182186,18681.830312829887,-0.3704960167694932,0.4307944899767442,9933.360588167408
183,108.76045412512444,21674.469403195224,-4.729304034600893,0.47422891689960245,9211.243278599037
184,109.16578908846152,22673.223539062743,-6.15803964255603,0.4836914483834171,9169.572681722068
185,108.03916740770781,21003.57522369066,-3.7390393921249996,0.464266583137987,9155.6269668013
186,109.16308153965828,19950.480085474846,-0.8765365703862036,0.4520409150725236,9562.356320274057
187,107.07730453704433,22127.39696961074,-5.043462033236803,0.4748852588450096,8761.636749131783
188,108.46448630961945,23357.37266675583,-10.128751427603516,0.4770685924326633,8877.515015911138
189,110.04455651095374,24414.96037607617,-7.209899070986024,0.49741392328945,8925.74756222281
190,109.4022367696203,22412.340092273866,-3.7635759861707503,0.4865100662334294,9248.161067145653
191,109.45898993209971,23282.99751117926,-7.5435033104069245,0.49413581799230777,9169.904220858074
192,104.52890868027404,16218.68274539039,4.482241397831839,0.4018137411945067,9002.760587555156
193,110.54406532829623,20788.30780216808,0.822680478781077,0.45348835078723404,9680.277517279685
194,107.75965840079847,19881.68335183657,0.30025785837971125,0.4626366597987805,9362.652568757561
195,109.40742792218657,22391.532121617307,-3.2609856234141796,0.4817155857313434,9250.66193089963
196,106.5935514542971,20350.736698885357,-3.167123026913432,0.4688469446597015,8942.404819578458
197,109.52998356669966,22220.251552013495,-2.9299756820854874,0.48116900820258623,9299.394080817649
198,106.14160798010315,22398.686824606895,-5.644936332237746,0.4693744910169961,8324.973877642416
199,109.38194348497554,22542.78577583739,-3.3607910219163544,0.4697035448195876,9052.017496286027
200,109.20092966515129,22117.72664741292,-4.874836781269334,0.47720030234693883,9242.315201190746
201,107.0807179048544,22345.94055426378,-15.053982727118568,0.47333126884359245,8875.54980475648
202,107.93830725665599,19199.033749265913,-0.4695261105273577,0.45078839492830197,9520.27112156492
203,108.52543786713896,21464.597256710033,-4.663755250426034,0.47319281452651113,9162.532454207882
204,109.10687241328472,20919.99063524489,-4.4776177874780485,0.47233629780365854,9544.379219485503
205,109.73715827648752,21517.611701179532,-4.680091142796138,0.4622084106138415,9389.983944768994
206,110.4855089357144,22893.654294235468,-5.885215683719939,0.45054002451553105,9078.455980283943
207,110.55794890784237,25252.517263330454,-9.749251810717169,0.48531765342332794,8736.610263143857
208,110.01805728951592,25052.625111250225,-8.09093377932193,0.5048184341611707,8848.82202736085
209,109.92091600357718,25144.41399218837,-7.049153232549547,0.50162019159375,8708.777479702097
210,109.66099907663614,24286.270393495484,-3.997893258174316,0.4983421526982422,8913.05217145753
211,109.54827735893502,18609.327397020337,0.6473751273453681,0.41860063744822884,9775.633840144425
212,108.5338492420442,22555.59281147288,-10.775734119950258,0.48085106267319594,9119.590942957082
213,107.91568593439669,14876.456754040826,8.048495354505823,0.40908180936938443,10335.713347776093
214,105.07261371130228,13323.58222295112,8.843616514054688,0.39442418098593757,9990.5304044313
215,110.45703810503448,19360.275307276435,6.1407384945653,0.4584351184813433,10017.666388987263
216,108.0667128436884,19613.03975249881,2.6109680497215613,0.4738408173282773,9482.752117261278
217,109.79117209542072,21457.26977480718,-2.8126673760121825,0.46690888247853823,9444.946814131416
218,109.1265103923776,18288.192670042303,4.144362036995838,0.4290745995288092,9831.428367496706
219,108.94661197110153,18823.207291900446,3.2629078850582496,0.40679589610201516,9502.164035313048
220,109.9579121391959,23613.51338705471,-2.900986478401231,0.4895363671745901,9014.74622081975
221,107.6528835811763,19687.66993507693,-5.726278368985855,0.4558935339,9544.246023052472
222,109.87606572280393,23960.65788953479,-5.015801577499771,0.4949006144275296,8996.33307264986
223,105.16107317386228,20637.022682484112,-14.054634847007623,0.46550079188871946,8837.477200688347
224,110.36913204829673,24290.208980226664,-4.289553483218415,0.49439701955645154,8997.341151097582
225,106.28956837258195,21319.990245974313,-0.8631231785199731,0.47115063268685564,8598.647732468262
226,109.00295519431667,22193.504032265508,-3.5902367237967963,0.4798414827192269,9140.65370662089
227,110.04807459746006,24068.586912454677,2.6525414679639376,0.504364253823744,8865.80604590946
228,111.23282735359692,24854.0161614718,-2.108277633149999,0.49575142365,8975.524968517584
229,108.79457336260016,18804.061884440252,10.237719420071112,0.4482278845303197,9617.542989749301
230,110.46687527297865,18165.70461909949,5.657478134027111,0.40299703945985915,10037.638717211346
231,111.61994510856002,20499.550814466467,3.4024993476176486,0.4281527977346939,9707.315633588245
232,110.94929335314116,21227.130346150225,1.6085748885508326,0.4520126532788347,9621.228784524395
233,108.18977783860228,18743.37345354535,5.6877247485744915,0.4512379610874718,9503.417892529842
234,105.93085270184186,9793.429008345336,3.1465514842581523,0.36025927661005436,11309.17834364802
235,110.19328367412997,19833.709782452293,8.386909457454943,0.45423662974011636,9734.440072621292
236,109.3710371730325,18271.75874200617,9.131565938515983,0.44527424588359465,9843.414512787414
237,106.99411192408557,15675.076650197696,11.965745121479545,0.4053415685522727,9867.514355862717
238,110.38423051726325,23224.185556840293,2.4553260814517994,0.491202721214653,9117.052479071439
239,110.83305146431302,22584.907826269966,1.3455223745472762,0.47795391772349577,9313.903603300032
240,108.10526115171558,16935.456916731917,10.534138954908046,0.4280835614137931,9847.49294754349
241,110.27398173333268,19557.97563570974,7.82478769972201,0.41148708948773,9570.674887715375
242,110.37743858612828,22537.172291435767,6.392168802263157,0.48033442072500004,9113.826059834273
243,110.0977802828077,20657.368752511502,10.57166984257469,0.4649558781379668,9466.35933989785
244,107.59319357751849,19964.31706531067,9.868954399079268,0.45482519243319197,9108.05406126199
245,105.94557419674332,20765.09942078208,-14.685770625014225,0.4724348957402528,9003.082279516013
246,109.68696552407084,18870.32802702797,9.487743355449087,0.445950919421671,9851.4359153381
247,109.71101047989829,22996.799157215664,3.6855786885816944,0.46081126055159705,8610.780110835098
248,108.68618599508007,22262.332369839314,6.533766471667255,0.4566940900061783,8578.172163235438
249,110.4329326682399,22148.33021009496,4.940738544046314,0.4804876398193549,9293.107794906477
250,110.55261365591677,22921.251295563125,6.8872248342587605,0.471596489106469,9033.62837525456
251,109.19676861581843,23111.880954262855,1.5221251649591352,0.46545133277884615,8577.433999179513
252,109.59329520103509,23324.30000640927,-0.7459550132990591,0.46600061335714293,8650.369426667316
253,109.45277922994423,21188.39741393465,4.156297748540087,0.4709114304927114,9302.271553173969
254,110.7977446959108,23818.633990960647,-1.5710130001407898,0.478871283,9009.803816717094
255,108.65624080103352,21638.9013712394,4.819967788553856,0.47797071950664893,9026.817668681042
256,109.24222457513085,24290.622479341357,-11.18563889243756,0.491322520515435,8888.632842459307
257,111.88570802874447,22719.51468602532,2.8808762689006207,0.4557085543975156,9314.84303048149
258,108.11438774715857,20952.244273797827,3.4937575578835314,0.44646719164195453,8770.521503282509
259,109.8155890596952,22980.338280364456,-1.7785941122710767,0.4619370370560539,8826.925055561536
260,109.68752418459273,20307.522993343624,6.403570135470651,0.46716038380271735,9629.913236718487
261,110.92612290138857,21550.423550401953,5.589886673921012,0.4726921590563087,9596.832387193701
262,111.11456911892316,23633.275390202343,0.07662190729173902,0.47395697034130435,9025.850402187756
263,107.1265601798989,19592.08180286686,5.628066305584295,0.4670293870860277,9211.127589336933
264,102.57971340751571,13375.97369818568,11.146179470278737,0.3883435886954023,9340.501703310589
265,110.70128751689651,22712.84960819212,0.6324941668868208,0.4844839101156942,9361.898652653095
266,108.31796140665689,20710.369090613793,1.4389001074175107,0.467288012467742,9162.026953283606
267,107.03256265554947,22062.997082567872,-17.024491120113773,0.48027888,9052.87078334897
268,109.552789838991,20004.992854885742,-0.047464526508672125,0.43323528273028383,9437.2922499217
269,106.75107800731259,21848.646164382742,-2.3569653117081875,0.47451070012499996,8618.597090565696
270,111.35876023815376,23087.54494551673,1.1304268402044377,0.4766186126901869,9289.826851810407
271,108.6731170393511,24637.517775091754,-5.780013716899668,0.5003220490044347,8457.118889731968
272,110.8070791497403,24119.78377669886,-2.746584422466638,0.49075460617164174,9083.783532722675
273,107.11726278190139,19905.22483939442,-0.7999108198798183,0.4379816720172414,9001.325859552713
274,111.48247714600343,22349.463861560525,1.8099096173363962,0.46375441437735854,9425.219057734355
275,107.14364748230881,21249.602441459996,-1.8522721181856245,0.4713071667778316,8838.853134742923
276,111.22739510373711,21298.650336795217,3.9199924566986524,0.4482631145,9490.532910245269
277,99.56343301542171,7133.990313980849,17.335441858980168,0.3190754658186969,9784.947957609835
278,107.80053256618366,22129.85476472098,-12.174870315164817,0.4764510551842105,9065.849273485068
279,110.87451998126876,21191.333902989863,4.505351653187568,0.46940957577125947,9591.844978008
280,110.57503698111613,24880.781625063362,-6.031987710581886,0.4940280285027448,8870.881615421467
281,109.59574928310943,22141.076330511456,-3.5658592210051885,0.4785171391764707,9347.593818340918
282,108.118899387671,21623.04051524298,-1.974946659002723,0.47698985738793104,9049.45867022487
283,110.28687991532719,23488.530634027582,1.8006217341948527,0.49852623403125,9132.367940168771
284,108.30957283347425,23125.726642325862,-4.5082579117763055,0.48875275117878536,8709.429602427894
285,109.99718322792006,24613.926888517104,1.9950331053243573,0.5090813353396302,8697.275330670624
286,108.93154653986302,18207.210079652785,7.379780973522753,0.43242135378682633,9746.44018486514
287,110.74758841296274,22452.828115623262,0.5663511450919259,0.4785390895141052,9406.278368779298
288,110.70130582592033,21850.911931636056,4.954631188125751,0.47574154882965936,9379.767709398695
289,107.66388550532069,25868.80290340845,-21.0602519978125,0.5158814598675,8433.732951492866
290,111.12679582004263,22707.051749017694,-1.470600060198506,0.4527780800190525,9125.761571833886
291,108.23778823988992,22516.520363949854,-2.445475998990135,0.4805147393838565,8801.661374361585
292,109.52644551667748,12930.080471335294,14.178420805313218,0.3886059333793104,11128.820224166499
293,110.88237294699678,23337.705763200207,-0.8537914563217266,0.48024212762674096,9205.078268084271
294,110.437731372948,24661.280921904632,-3.065941607473498,0.5027305221323037,8950.626771534491
295,110.70869162906578,24317.40846182655,0.7980268173017819,0.49734360021774193,8927.883229361998
296,111.02182360954657,23381.873060263864,1.084003247813812,0.481549426340035,9229.403681259546
297,109.33687398889724,21459.060673009353,5.286767584554948,0.45831001228972407,9051.227461045297
298,110.48697734230949,19683.890564144844,8.484735024406989,0.4570552173625593,9806.727979368028
299,111.41668091410885,23956.917457752144,0.48633774179126715,0.46435055548957427,8861.4113451267
300,108.18517098200985,25518.82326115748,-19.32537023619784,0.4993845562767857,8514.056425500052
301,111.39231589332768,24614.44714165941,1.49508706833313,0.46872322886919315,8678.709194374134
302,111.79476788238243,24356.256458060572,1.915382017782158,0.48291374828061673,8998.758257541554
303,110.98280717989333,24173.266514046296,6.135825789908759,0.4941043437007299,8886.826301299323
304,108.20877424304499,22797.611429888544,7.068155698253477,0.48766273052086384,8516.76001909975
305,110.00745311544242,22935.817267476043,5.1625772811749995,0.47927928322767865,8883.194668302285
306,111.20657957852262,24495.96493587019,3.971195567983376,0.4998628382608696,8913.093808788624
307,108.6777961769511,22986.34155775722,5.309382116066718,0.4837169653079907,8669.176661861033
308,111.24941135109793,20932.953579294717,0.4136464403435473,0.42455587334056394,9510.084605434466
309,110.36316766032475,22229.213947249,11.16688298479564,0.48195702604687496,9085.528908648737
310,110.87130289194775,23742.845254143598,5.147318861580242,0.4942438779629032,9006.871566627387
311,107.42674263579427,23802.68221036111,-19.320872896388888,0.49213712754471556,8744.33048288927
313,108.63281055587603,22301.206516617945,-8.490462814505376,0.47822880131451606,9177.52229423415
314,109.07748595570897,24364.81299933233,-11.134902550684188,0.4992496311669342,8905.489284787409
315,106.1546254489779,22149.528566231475,-9.417263524751545,0.479125668,8660.132739323764
316,105.97716233635259,22782.793219679214,-13.476277393422663,0.48349295660204084,8669.745667705434
317,108.2696401817025,23020.608649770267,-11.273117901012432,0.48097581525828725,8882.726212646276
318,109.53049364703159,22421.410832420705,-7.548650380818884,0.4681277565,9240.069866968824
319,109.00248341649369,25476.32068829769,-15.134426166710806,0.507375615712589,8639.487291621512
320,107.20920918095537,19171.292577393222,-6.387872790096392,0.43692410027115985,9427.034218195427
321,108.31705295973377,24260.309681125742,-16.24683501281388,0.483920560265625,8695.396875272323
322,106.83601365451037,21802.889896781046,-17.881214143228448,0.48175650597413794,9171.570909730312
323,108.15794067223828,22271.526466291496,-19.029978130547644,0.4500700343428259,9019.679259822002
324,105.81060630136501,22062.52756565069,-13.19251868188823,0.46246313329242705,8549.888687442883
325,107.19557545151707,21032.314906674455,-10.970453095573426,0.46166382772027975,9148.308264790658
326,107.2428391150849,21899.475131717725,-12.229859500365162,0.4924711154781342,9122.375462908067
327,109.17939216262897,22592.148701602677,-8.190476314831395,0.47343802096617343,9142.195473260803
328,105.88640343451466,19474.187328518925,-6.501681935021173,0.4553140166970685,9077.12674472224
329,103.69811504602357,17727.606904760716,-6.3458107863470135,0.421296743597015,8863.070902419553
330,108.24857682313929,22942.77915762157,-11.707828441150195,0.4783089938967868,8894.997320973258
331,108.1003530362315,24670.707447041856,-17.91024556981359,0.5019214111880147,8700.24291753071
332,106.15613203832102,20596.108783417207,-6.804883272152451,0.46331534785344825,8828.25670454016
333,105.92479585247672,20064.4773902312,-7.752689932064237,0.4628100693710451,9024.060750498295
334,108.28631787069263,19588.10747617273,-7.647339821528296,0.4447337856511086,9662.669205788303
335,105.90381807068302,20661.522846113272,-4.877769595215278,0.4680819436458334,8784.244941894178
336,108.01192099804717,22399.892598981693,-8.854118843832188,0.48118520457556435,8980.24669862415
337,108.47044688368474,23800.12704687886,-9.442444659108801,0.49450001018326883,8808.576082567359
338,108.32044493816846,23005.55909298821,-12.24444754212195,0.4837711155411586,8983.271680477788
339,108.61556987334278,23127.076311067827,-13.825007953127376,0.47324102545384616,8945.072642785368
340,109.32980880279875,23032.929263539983,-7.196238017016022,0.4853390795669181,9166.783707164213
341,105.97356867231767,22984.612301351484,-16.267361333797872,0.46996532729521284,8392.549414695206
342,107.26284623425677,17457.18152500354,-11.961378312723442,0.4147189651657224,9918.53928422519
343,106.60455081640299,22417.84339448411,-15.364510488646324,0.4829931679500001,8745.896477122415
344,106.49054142952669,23030.327809065384,-18.190323800492298,0.48956110599999997,8707.639028316451
345,107.35577940438834,21184.275456775835,-16.266548486630743,0.47102903390459366,9269.056094157784
346,106.89441309754953,21974.039524211243,-12.50877299831231,0.48137113103713125,8824.016809542183
347,108.16493859067116,23761.95783059089,-16.06990121557136,0.4924665113377736,8832.07022957874
348,106.91516408986783,22251.92337037824,-11.665639235965271,0.4808524354942119,8754.245095834578
349,109.62197904332574,23810.262687695467,-6.178315308878551,0.49147680976993585,9014.207571072155
350,107.81992165052716,24712.413836277847,-14.116264812275558,0.5008295120292083,8445.804229504012
351,108.49881205301371,23458.29829236075,-13.276516502369399,0.4905464551558627,8933.44190199633
352,104.64081365278277,21428.569471416795,-12.995183650115964,0.4715867941187608,8465.334447801535
353,108.00001420142556,21790.759060915174,-14.45225035113717,0.4680210123517699,9183.424201975053
354,106.3435952147927,22341.896173738893,-13.624477055157907,0.49676631725720927,8814.325401563332
355,106.80133461564697,23291.02262883445,-23.281398141413018,0.48959141537260287,8846.03811093773
356,107.56979396292552,23939.018563561338,-17.31539171046489,0.507508031266854,8817.52081986638
357,105.54364491556771,17356.789274688992,-12.806591235488188,0.4125139208503937,9450.048314357502
358,106.56109739729575,23264.867316207037,-15.938188384387121,0.48289908803929776,8522.186749871023
359,106.56109739729575,23264.867316207037,-15.938188384387121,0.48289908803929776,8522.186749871023
360,109.7332270555588,22785.129496769372,-5.985664455538326,0.4790673875786802,9237.937350813068
361,109.7332270555588,22785.129496769372,-5.985664455538326,0.4790673875786802,9237.937350813068
362,104.56657300795807,21949.168286157423,-14.00846427085561,0.49027541688743675,8445.70563162122
363,108.0398224458317,22499.70144530461,-13.998187863582066,0.47894946952010875,9070.031055728305
364,107.49135857491842,22096.65249667582,-17.009838012751658,0.4689123778754153,9038.70384191517
365,107.62071381857433,22822.290735199054,-18.207335524983442,0.4836496551198739,9023.198814869274
366,105.90453995554502,24033.380503587672,-18.498233970401195,0.4986964376105177,8356.449570840336
367,107.80799248612612,23100.34491158116,-17.98370312246565,0.4804088466003272,8877.766225981863
368,106.5462561402514,19557.584456648354,-15.488057496542169,0.4344521271722892,9245.861666701918
369,108.56728412839014,23629.59172372735,-16.389726913377835,0.4843156027963918,8842.632549283142
370,107.39322261675937,20485.618469573736,-12.99774290425445,0.4635332556032029,9363.807639125931
371,107.11942515127889,21126.16468957946,-15.096398660664052,0.4539300064468084,9094.501696743042
372,105.17199632352248,20745.359658547084,-15.069526275140202,0.43228586447638195,8522.435663432145
373,107.6603564694387,25131.221580501104,-15.176896038637503,0.50370029773875,8375.542136468952
374,105.75238496072696,20616.003677684625,-15.882083877632663,0.4367932163419662,8801.880812035306
375,107.42953391582654,18256.4535858484,-5.171954758873469,0.44212206447551017,9685.742249237877
376,108.0033132179313,19903.74662303287,-11.327242861535142,0.44875976446800003,9593.16201543949
377,107.07530266518897,23024.64081625044,-14.717123823244897,0.4807112873042672,8723.106331451963
378,109.58225658174199,20579.32288269099,-4.75990984838349,0.4488594217777116,9615.814960117681
379,107.02566645247845,24197.126695703868,-15.763932123943631,0.5009743475938038,8528.970179300757
380,108.57541543875907,21396.313781559005,-8.0377668787777,0.47224859630232563,9360.07853605857
381,108.5404704678389,21585.54166716529,-11.300443489232027,0.456050122,9247.125041412393
382,107.61854626116133,22314.319601006046,-16.181119120759295,0.47398012843567844,9040.167919543333
383,106.01900590930029,20956.839478981816,-9.940504179785226,0.4670377424955969,8810.519541726975
384,110.1740180395481,20088.599657432325,-6.298547621972476,0.40962566336697237,9562.80359250762
385,107.24256563675223,23227.941069429977,-7.873894745166261,0.49149573548300973,8563.785771060104
386,110.19338512046644,23724.699091252063,-3.8986103449631986,0.4926588434353681,9160.374592502154
387,105.66809667432968,23026.03961507692,-16.919310842826576,0.4842206320085325,8505.53159089914
388,107.68082367720197,22756.525829228616,-7.032666980783878,0.4829570660461225,8792.483892039569
389,109.6668666426996,22269.708851790154,-5.155406268817346,0.4734794285265306,9349.338918187561
390,108.41350061767521,20488.40291404949,-3.11699826372738,0.4677138873455972,9443.551797591266
391,109.22765143207116,21725.464517478787,-10.801326987894663,0.4283216311395349,9162.402018266386
392,106.57566363985342,20654.777797970983,-2.9014599352507138,0.47572834139914366,9012.487671305187
393,108.59796129512065,21978.385514859176,-9.991074861258998,0.47656485900000006,9323.287392702065
394,106.51863685923345,20576.33591488436,-4.368453605060862,0.4618051994985451,8936.36857906296
395,109.39995956988392,23151.714731949458,-13.710006120334416,0.4642754756006494,9091.794987733325
396,108.44084799879276,19017.103930279533,-2.831135480413461,0.4211447059673077,9535.0910623748
397,108.99866843036837,20229.555668189598,-3.544339380153096,0.43249653688942896,9406.527358986992
398,106.37787096848352,24340.26468807794,-21.760471681762404,0.4995278600081266,8436.998651579544
399,106.97746072779555,21958.253685070064,-6.0333299695258855,0.4670347558814714,8700.575043059822
400,109.41685367812218,22692.032559563755,-7.131431355252007,0.4782326852425459,9230.987214835633
401,108.42513474503562,20848.109164456448,-4.262818411855016,0.4534518153573667,9237.958620922123
402,109.61716939668639,20367.81602947999,-4.433600760576348,0.4368905414042554,9600.574764684996
403,106.01731756814046,19346.267728499883,-1.7393067091665806,0.4503446244344009,9072.328778803645
404,107.745637317224,19306.10431872973,-0.8956479320563938,0.45461088115621234,9512.07520404828
405,107.05379411694942,20021.736177002636,-3.1984101085824106,0.4561512680894472,9204.170603669316
406,108.82254406557485,22250.494377688643,-8.38245203117453,0.4770385644009434,9231.296353671556
407,107.81693023226742,21317.508206911563,-6.761831629003699,0.4461292742485208,8933.48861894934
408,107.01301671509704,22528.419257391604,-8.371694302971378,0.4571909666481185,8510.10776354209
409,109.26284735197827,24370.095079017512,-10.635053711777228,0.5003198844059406,8895.04083453664
410,105.51271789520005,21727.63402033369,-5.815328208157927,0.4747958199688485,8441.787906576454
411,109.31427254088103,22530.795438065037,-11.783196258298174,0.45928992452586204,9170.63940839759
412,107.35165491556228,15701.549378089907,0.57772940089693,0.413078135875,10181.083937357647
413,108.81901358696969,24118.82869911097,-10.663681666231989,0.5002123517550432,8855.884807548366
414,108.74556349276631,23474.03420718559,-12.24417500111792,0.49130505373974603,8990.603107284445
415,108.7198704151001,20954.696806969976,-8.004367599762524,0.467533421441023,9518.013966627132
416,108.71690021362362,24272.955448558303,-13.270094157548126,0.4967145128368825,8869.108435830656
417,108.86501868997317,23873.127024318204,-11.434670277356707,0.4935530997523452,8959.182241759183
418,107.23469949625162,21697.823706911302,-11.258405664690228,0.47237858455645154,9022.760311856768
419,109.86347789621388,22722.100340617264,-14.122499309844706,0.4319927475329199,8998.882144359397
420,108.4356176753836,21613.828182222078,-9.748790095910346,0.47353413279098355,9275.769133575386
421,104.99237938418909,20454.83248162598,-14.002333829107544,0.4378227340726257,8573.174031384957
422,109.49661081998205,24858.653686874866,-17.053671665093987,0.47150002452194656,8671.020055256993
423,108.50931436503554,24566.81353824189,-13.044485190822321,0.4990212172727679,8681.15970282232
424,108.29492291601437,23719.744176402233,-15.10044628909594,0.49634087562315493,8928.730123917321
425,105.38881017981883,21472.977873870197,-13.039967453036999,0.46648304724149997,8582.110504053902
426,108.3634044731825,21182.927224129206,-15.728368328280364,0.44133645011538464,9289.503549030855
427,105.26511959997357,18850.712469098304,-10.877794760967625,0.4345021031670092,9084.054987620777
428,106.17519125018003,18198.246695937534,-0.5173999662944583,0.4273767784911088,9290.818468070687
429,104.54589239627695,19193.23599977818,-11.724608180039647,0.4544854209951456,9026.918323536138
430,108.02348971731622,20477.64109696521,-9.778842511375828,0.4605487681688742,9521.293500053378
431,108.31179012689587,22715.63040581088,-13.869811543755748,0.4812241005862069,9077.680164549432
432,106.8885875773303,23000.279231220182,-15.58548787392807,0.4803612988327085,8692.679298046103
433,107.27180364416479,20934.30647673337,-14.546041822397573,0.4671055269345372,9338.602401315135
434,107.8281849616947,24520.079333762693,-15.35351180095779,0.5015297588674552,8611.494816839913
435,109.79306281564358,24097.016050367918,-12.02164820293826,0.4738783764365217,8948.31999503666
436,106.9833854925731,22933.640460363637,-13.28404303633957,0.4787781428582747,8637.833379032922
437,108.01193606641702,21400.466967876262,-17.668699656458738,0.44509877914563106,9211.662864736958
438,106.75378026695573,22103.021345779798,-14.510024337395484,0.4718264841160715,8838.496727498732
439,108.78167051475037,23418.56359315935,-21.358873264700335,0.4414042764845637,8800.005880092089
440,108.25262963147347,25051.813976375415,-18.09976590086472,0.49737161768435023,8554.736991289068
441,107.49088105311273,22997.718134904775,-12.642583429085466,0.4776833979165815,8784.474000708118
442,105.72827895827663,19128.39662711127,-6.176638317809482,0.4510838445413794,9171.038372175946
443,103.24835852796431,21272.624167838578,-14.627129543660768,0.4577805153053097,8160.913764601228
444,104.19889814426749,19733.328173493475,-2.434227399221895,0.45351938428402366,8565.593497019352
445,102.04068260995929,15968.990909607217,-3.100958123686599,0.4160530087975504,8871.012692753187
446,107.39293617095964,21515.327802738197,-5.250592274778604,0.4706139090326087,8976.223565693848
447,105.65659836275215,21937.14270331319,-14.31325963748729,0.47370218938135594,8618.88341231884
448,107.0218136218306,21598.816807863863,-18.346589580784617,0.4719238143329671,9191.258788157424
449,107.75355652022873,20211.673719430808,-13.94535671041234,0.4287315594246836,9314.870075798086
450,103.2136855174582,19534.133976325775,-6.926708475110914,0.46050046864304583,8459.276078074261
451,106.5720526758789,21635.746685735136,-14.800989936430556,0.47165993933333333,8992.714517043572
452,106.54104477352953,23230.2100133659,-13.249259435638423,0.49521477438134887,8617.558183572084
453,101.30942942014924,19622.444628177094,-6.495365547078622,0.4618480344807692,8013.51984540327
454,108.177052450125,22750.70111178728,-13.214244833935888,0.47873113983213184,8997.280997422236
455,108.66295440155578,23520.949071996925,-12.682873828773047,0.4904937180507995,9010.200179283627
456,108.70346420999714,22347.9148922951,-13.654327435036016,0.4640571204263771,9180.592036174397
457,106.76649691689637,22764.192918661003,-10.21373368182046,0.4836864081048387,8617.284647804026
458,109.38239550144277,23692.09033574005,-9.69758060609044,0.4855746654995314,9032.901516203388
459,108.33379057928995,23123.008899926943,-13.031212826622191,0.4877588708469101,9030.041736470388
460,105.38977036640726,17921.848102814045,-4.47157689986889,0.43628473765137066,9323.786013924015
461,106.26743280293756,19077.065117988936,-7.237855278271908,0.44579932943877554,9378.170695787532
462,102.04500043592036,19623.153360932884,-8.081135570237443,0.43914478067444934,8041.1807408405
463,107.92610828514927,23396.75140145481,-16.932758415725875,0.49104697057663194,8960.541844301919
464,107.35079040513008,19655.0989582526,-9.206695638560175,0.42460432408250626,9254.501414927703
465,105.12235310666753,21981.594427154956,-12.610096782427428,0.46089252307747114,8367.102631088235
466,103.69354064108745,20613.610333982164,-15.406125945022291,0.43428424276941513,8219.654070289687
467,105.51661706028214,16521.69639397342,-7.1749448483008065,0.38612885794838714,9528.955881640257
468,107.22825535005474,17563.076261206887,-6.380904937007879,0.4233686185637535,9994.655146292895
469,99.33535428854908,5179.704496273084,4.355905810713333,0.29404599575999996,10531.177639670435
471,106.09674930146124,23524.81392596589,-14.762997471359531,0.49267428460449125,8500.479422971659
472,107.8261671498562,23385.896942442934,-17.19200860570092,0.4907129307607362,8995.937280509652
473,106.49860210162917,21068.82294948497,-8.051915211142267,0.47349844451443307,8928.395411326796
474,107.88188373430516,23098.362261236325,-13.663407182348827,0.48545632647698567,8862.8745817807
475,107.99653741423917,19329.88985371116,-8.045594061289401,0.4473042589381794,9719.119824902815
476,107.93606127399775,23307.0697496071,-11.181473890632805,0.4943305573783784,8872.350213524815
477,108.42908841601589,22680.40581670527,-10.955909304650712,0.4841790527932791,9149.238377365507
478,107.28105938502001,23724.060332849396,-19.54642417804145,0.48840572475703853,8787.164453573607
479,108.84969306686742,22029.85230855033,-10.464456635641763,0.46403829800872404,9227.21806642783
480,109.7260819266697,22077.90585310588,-4.258197814922256,0.4722978867027439,9388.787618344748
481,106.01359121287487,22243.938358405194,-10.069692738864159,0.4782372715353983,8544.817089341303
482,109.73365419542537,21538.21520738311,-2.903608955526822,0.47056107276019316,9526.608561863097
483,107.6921756374552,21622.556472738826,-11.5675484091578,0.46552163298192145,9111.982404167198
484,108.0479541634846,22893.76576197916,-14.96738375398003,0.4875028721789137,9035.429698025831
485,106.722827628591,22182.14006232157,-14.034764546722663,0.48149810735188864,8831.210039941869
486,108.73681456975055,21991.356727473732,-12.125299310655,0.46458586934999996,9235.123018292437
487,107.68973506361375,22197.035141937155,-16.223306322369265,0.4768412595825688,9123.640962196076
488,106.73995924610855,23483.387823220517,-14.201713488536962,0.49310856864919356,8577.60689940172
489,109.0131047186978,23685.432631591797,-13.6590446671746,0.464592268535344,8841.738294147168
490,105.10407393125953,19922.338531088408,-10.693112431138614,0.4437144438606477,8814.613646819267
491,108.39491282447723,22423.327067547245,-11.459453641335774,0.4723363180262362,9146.962757835843
492,104.94510222031063,21949.875705820265,-12.46501890718197,0.4767088901732054,8458.119171712553
493,108.82645705417823,22179.52679945927,-9.174654327912714,0.4740691906997981,9216.420411958079
494,105.2722346347521,21614.43931233025,-11.401204092890781,0.48580516171345517,8707.000035088871
495,108.05839949026975,19552.79293657653,-8.551056134454544,0.43136326960319404,9499.034544111519
496,106.9377369079031,22778.205295243286,-12.65358169012765,0.4686893735605124,8595.9915691085
497,107.83183372521101,22590.388286889487,-16.955363726204304,0.46091516118675496,9008.841304954754
498,107.03968488112531,23447.050123076315,-15.503356789789295,0.4811532593826268,8635.258104107681
499,108.34353220280495,22812.596770688237,-11.158853700969068,0.4814068049196429,9190.018590605
500,106.41485277764939,20666.191993523393,-11.270366279995987,0.4527506916568523,9025.131474861242
501,109.0076123457443,22282.31960072387,-10.773540807437115,0.46707960186349695,9222.212277820245
502,104.92857931991527,19092.08637800807,-12.519762394302266,0.443240246728223,9016.783315104409
503,100.64840022411482,17676.97025208393,-13.509768494232647,0.43325256272082024,8364.005872757392
504,107.06218793966804,20236.952576357813,-12.469066765485273,0.4565476137496494,9401.597866194086
505,106.24571556530742,24310.337891015337,-20.988562874857866,0.4952921145304568,8433.242903668623
506,106.5786242068946,22861.57091060631,-23.209681834654916,0.48673977902830196,8912.443168615451
507,107.8229895113626,23499.91761564242,-18.058093486854315,0.4756670996581686,8812.885753406608
508,107.332205969096,22233.596031423844,-17.190163866900562,0.4816837996837889,9078.037701856534
509,107.22985733192428,24071.807490868076,-22.218249591363016,0.4981532246013699,8743.42250524477
510,105.2722346347521,21614.43931233025,-11.401204092890781,0.48580516171345517,8707.000035088871
511,108.05839949026975,19552.79293657653,-8.551056134454544,0.43136326960319404,9499.034544111519
512,105.76812086324523,16493.959726568923,-6.137728175422934,0.4209531299500617,9759.797379388616
513,110.43650171159982,25266.67525427663,-9.288216146045453,0.4933851946475207,8790.65914206209
514,104.1709980222375,16031.51425984699,-8.016344111340993,0.4230560341875,9541.183974511892
515,107.73447328953363,23902.845373924676,-11.790054208870597,0.48694884550813006,8569.901138759154
516,107.91898473552915,24523.284422883848,-18.9508542798294,0.4988735463103448,8746.657372798933
517,107.00987204849271,21407.02657465618,-6.783135049848286,0.46007972465599645,8839.71759711606
518,108.88785535828264,24198.389346864882,-14.052366233119027,0.48116217721198956,8769.246126817063
519,105.61271119382582,21094.003597152827,-15.41654051700515,0.4677747512282609,9081.816165377537
520,108.41364905131488,23034.11853287943,-6.019336650504767,0.48207993042098096,8830.813417585941
521,108.95707356860933,21831.3215483081,-3.4508029127612967,0.4665016787800238,9230.007921606953
522,107.60171250158375,23467.58336027733,-12.999388441946838,0.48877175714224136,8733.871712748474
523,107.2249863071619,17479.8703128957,2.0235374372229735,0.41459464861486495,9720.97012131761
524,107.96322626494135,16281.493032172486,-0.769922678772728,0.37437455018181826,9911.403166181932
525,110.09574637746738,22632.275100397237,-5.769018815168732,0.4662622665,9255.467852256304
526,107.23361949413832,22887.130941377796,-12.19625218814088,0.4996862625258622,8876.675348292567
527,109.2931673197302,21386.991817898674,-4.787783845982486,0.4781785294538217,9542.919664438854
528,107.70076081414113,21554.564835548204,-14.296836012879135,0.46984463062748344,9238.446819762206
529,109.03874975273717,24620.549611039252,-12.327952388963416,0.5035712606265769,8848.114680846682
530,109.15326211517126,22562.774251465555,-7.450900662610537,0.4824726878305786,9250.286730463422
531,105.47854233104505,22833.892274003945,-11.279104018223286,0.48010916432878303,8372.4444765598
532,109.29148268721627,21978.44737430536,-3.5450695102871905,0.47713357240754134,9352.57160112467
533,105.12947876161331,22204.439387297203,-13.100211407946645,0.47072654644930495,8335.729808824544
534,107.79436410108873,22329.779576707973,-17.305191113106435,0.47096104483054396,9096.868319449706
535,106.5818126888643,15754.74949133417,-8.225823213847711,0.3883662205431338,9954.7258900289
536,107.83183372521101,22590.388286889487,-16.955363726204304,0.46091516118675496,9008.841304954754
537,104.99749701018277,20784.62263582948,-9.642606375041217,0.46106428716486486,8699.449078262034
538,107.46289404975103,22306.78790092764,-16.376986380514236,0.47703277673917993,9179.954982219017
539,107.9184296542652,23171.91407703241,-13.178084214468239,0.47833941367241384,8843.054347856501
540,111.2398390731555,23374.033852714,4.794682498125667,0.481103710936945,9090.52244256243
541,109.20839752910625,22618.73773249312,-12.405217998814196,0.4633822193721295,9186.484415951432
542,105.92805085730697,21166.977430935076,-11.126091131791744,0.47065288955487805,8893.067014719316
543,108.13312977068357,23624.654168660614,-13.702514718708514,0.4858509047603037,8926.823023434014
544,105.87565880826372,20724.25914572992,-12.143236084213449,0.4699003520843116,8945.791622439572
545,108.21697612335429,24385.933140470133,-16.88448125021994,0.4991135648187022,8798.56837069219
546,105.09985615363432,21926.039816105174,-13.29786522426918,0.47033656615472175,8414.58277583586
547,107.06944024663402,22428.422674409518,-13.849473055403829,0.4922931972495388,9014.937692732856
548,104.70876785656256,20111.371832553075,-15.762638589310974,0.45149872518574113,8743.921661762042
549,108.57592137168152,24647.912848253687,-17.62653107606301,0.49014959667379443,8774.996047600298
550,108.25206044390245,24664.013255586968,-20.770360898016232,0.48382110853246746,8650.008674900273
551,107.06033774972008,21068.168786256243,-7.40294969680671,0.4636667538594249,9084.179128765078
552,109.11086303334122,23810.244548248,-12.203227904136103,0.48732821367362344,8996.449439618025
553,105.04255330069405,21205.505697884946,-16.20157534133349,0.4704668802274024,8764.005597934913
554,108.73863541929016,20357.004731688714,-13.3385109634258,0.42245851661268474,9424.974423224414
555,105.52931844640378,21292.08566558164,-17.04477760134091,0.4757597947136363,8880.795303573204
556,105.15168086809916,22537.669666867132,-17.80588641040983,0.4776122364500988,8439.471473360916
557,108.13534377757853,21505.42865266749,-10.922034288066273,0.4706551312298658,9338.949522192797
558,102.76815817055318,20265.603055869004,-16.726859499705963,0.4532869044825688,8352.615141760249
559,108.75799405705422,22846.328823691463,-14.262134091874776,0.4666064143644902,9111.57303685439
560,102.7427024341246,21356.735317437597,-17.385385707325465,0.46639348658859714,8179.723084919601
561,106.7040085497767,20016.70626496886,-7.97302396816048,0.4734073746157205,9399.111715061492
562,107.95361284326835,23157.265624450174,-15.412569223554021,0.4866598276675366,9066.489802697728
563,106.03245557517893,21149.502693643095,-17.22820144542967,0.4605533865369611,8948.956563025404
564,106.738321728713,22147.511248529052,-22.2973717309448,0.47148289369075147,9040.127700463918
565,103.52539849159993,19992.208703540313,-15.933800681081646,0.43299476974333034,8397.29336681393
566,104.82379335916768,21715.035700327764,-18.435607125972375,0.4624013768121547,8561.932110631167
567,106.42440515613771,21109.14069006864,-17.912736261142307,0.4544010114461539,9046.198680734506
568,106.80677204887552,22164.933462491514,-20.905962596468306,0.4758231951465518,9098.975320016943
569,105.32220924258395,20890.59684875972,-16.73814257855539,0.46641296803293414,8938.307179118035
570,106.43204697598543,20124.447051194817,-16.163838567744772,0.4579462110783972,9338.545325289671
571,104.04349307615324,21530.8654863799,-16.784367454196353,0.4720274133230769,8379.233207772222
572,108.83795541432586,23690.586551400702,-11.890514059156732,0.49502745448445606,8979.687751705298
573,107.73307128121837,22025.283908343557,-15.786010775774114,0.47212496442372043,9199.03296952312
575,104.25069574463181,18646.37111115974,-16.045457886498813,0.4065185292862233,8953.814929019944
576,103.6674440696703,20526.557967495242,-18.300770850719445,0.44900109009583333,8424.62697266283
577,107.42610825275344,22431.45903596624,-18.680827229153127,0.4725851774222114,8875.56428870385
578,104.73115799400234,22143.361439339464,-18.244023103813348,0.46756137620211863,8403.75767104253
579,109.02430153935555,23714.453937538285,-8.339772639760902,0.4900801422792916,8974.627307010694
580,104.92569849151901,20932.750155589838,-15.39339463419853,0.4561602141750001,8582.541021707591
581,105.01549399913213,22592.083143810905,-13.825933859803234,0.47811516758490563,8394.315287634416
582,106.80358394842686,21561.222904847164,-16.48439804445947,0.46412746758,9005.352886893228
583,107.84644538324274,23727.0156930606,-16.613231844555397,0.5003199614446022,8890.019072998439
584,107.27284642877052,21594.122666957795,-22.12355201909776,0.4408741683100872,9058.214766164194
585,106.54247024450869,24179.559978032692,-17.84367292152892,0.49742680500385605,8379.17769926448
586,108.43916685769975,23758.140887040212,-13.527837748015658,0.49162245184681086,8914.131637786688
587,106.0214381537373,22308.009992856565,-15.929588140998948,0.4829565365100001,8721.305125613238
588,107.78824412073018,22232.067785948868,-17.088724600082603,0.47050248758333335,9131.533842269535
589,105.6233182427055,21458.266343972253,-14.022372654314925,0.47291847150447763,8770.222608631571
590,104.95124198144859,22167.299266515096,-18.657649219683737,0.47871140588181815,8558.52115639928
591,107.07183212908228,21662.842580063207,-16.315403779172836,0.46557553168518523,9053.535880005604
592,106.06729471190903,20400.642903122614,-15.486719039762004,0.4610167524800936,9175.979004864355
593,106.40598419208769,21662.022982293256,-14.644961374273498,0.46196389771650004,8822.192564262255
594,108.61147085114752,21402.301454168184,-9.110307244023257,0.4629023139244186,9352.733970948722
595,107.94948598291887,23902.212294433244,-20.490434279632975,0.48149788068316374,8794.522418350727
596,105.20709772623172,19310.713709053212,-9.686586041800108,0.45012563100975084,9011.243028824345
597,104.423417863246,18327.642115243343,-9.98969178948156,0.44538734727206775,9104.168974968794
598,107.76463790428936,21049.903053224545,-14.18972689275837,0.4604342096199776,9292.331913158036
599,106.36788402260474,22220.80947789345,-17.743446213482656,0.47453840554335264,8805.784589793502
600,106.33095434925418,20133.25395920239,-12.255693832836153,0.4567983400109052,9205.031847858023
601,107.5152760418146,21737.36559131997,-15.050754656631385,0.4601875469250852,9089.232210677494
602,106.96839055588066,22702.747422644024,-22.483330206583158,0.47754582466683687,8943.308373301528
603,105.55613251017895,18278.24261727966,-9.029464553586411,0.42765528198680736,9236.945822201445
604,108.76922257896874,21311.46361064119,-11.877611884618378,0.4463291225039459,9306.299962581772
605,108.05674368667488,22064.210237961965,-16.79928609247371,0.46370212166684543,9152.891381274138
606,95.06342722777842,4670.356591669905,-2.98066103899311,0.2324919658996063,9421.450190132882
607,104.63759944616015,20776.233429630873,-16.824187679368737,0.44594595376503016,8541.590627120433
608,104.79627141898955,18482.058678903755,-11.305198406615672,0.4505148541623134,9238.563654022597
609,106.00487099266398,22775.816596682784,-18.077779719072474,0.4768195222698267,8537.403060884835
610,107.79435787344208,19722.982195098604,-10.446885093359413,0.4598201996130807,9676.225368073898
611,104.47525018098209,21530.951279935853,-16.79966873003162,0.47521161875841667,8517.009727302238
612,104.80432599761421,23128.959584237517,-17.570825272866042,0.4898993647346417,8336.503014039352
613,105.70450152733078,23228.928923243097,-18.711346482891507,0.4834003104879932,8470.677776609153
614,107.42376097007467,23204.820907909056,-19.770641044137,0.4792904548690592,8898.768232768627
615,101.55305432493209,16499.44118479854,-3.308786441856991,0.41482693993061437,8634.072168689601
616,105.82990437471001,20540.083248007904,-17.10621660303956,0.4484567421741758,9027.571754577968
617,106.97072508184473,21642.412208514947,-18.28417770342478,0.47342908549612833,9190.018590605
618,108.44452483961827,25803.999576671828,-17.42795836098913,0.5093473433478262,8561.555853004344
619,107.1455342116002,22573.022728696433,-16.59988455369512,0.4780011001646342,8909.234114127026
620,107.86489108115414,22630.265489082252,-5.763615539401632,0.48527315174660024,9060.429769692759
621,106.1648086356084,23605.582207723706,-19.61475425796969,0.4883382480280717,8447.749434417738
622,109.56547872299095,23938.678200707018,-12.65401816786139,0.46774682291445563,8917.875631732568
623,103.97975160558953,19338.534100051722,-17.049233757064428,0.4570096284763216,8952.726455706897
624,101.86730370581081,17835.15472778179,-8.228624133317846,0.44098367636283176,8479.344352513715
625,102.17164957932577,19313.41584647443,-11.889683175240632,0.44032122208138175,8384.181880239345
626,107.06137544293746,19497.365080995914,-5.927426998256783,0.45380954046362515,9406.231932894421
627,106.84836508176984,23758.61741996291,-15.259974162424417,0.49091743160465123,8534.577492334649
628,106.6586894600587,23602.590715097722,-16.064609199041627,0.49229407554625115,8618.915888911417
629,104.46997499426998,21781.214083237242,-12.852536651528089,0.47471842405617976,8368.277183184704
630,107.83427845151033,24209.800707860122,-18.476792131131404,0.49534462647580635,8754.170435186588
631,106.12145416047265,18999.661680380996,-10.77038996958578,0.4277091884594594,9211.391481618453
632,107.93171391389707,20046.61844573462,-15.673599308175925,0.4238566638666667,9429.590074167763
633,103.44295020758656,19625.233804936182,-14.504125329976288,0.42062374929414736,8407.619954137921
634,108.64492708229275,23943.667797609418,-13.248506013320318,0.49491936228688527,8926.530550073236
635,105.54530649674179,10702.088126001376,-3.5507699614917447,0.359962274557783,11071.448086747227
636,107.53256550108928,20727.157645248164,-14.025857236198824,0.4605727496375838,9433.670224667867
637,102.03800056355078,20158.706709111204,-8.852063139187498,0.4634354798968531,8063.551979493734
638,107.93082467474287,23953.27611294193,-17.720641538531407,0.49513360669621337,8869.459372143208
639,107.06442839735593,23532.6133074127,-20.404979868243117,0.487865873728211,8836.543725274827
640,108.22773176732423,24671.89063802064,-17.996942616312502,0.49661953601666675,8740.391831510931
641,107.34220776243325,19939.898531546944,-16.059431251275093,0.4473942757193308,9543.732697872852
642,107.30109909045461,21594.40834319999,-16.45813948433234,0.46945525522904197,9179.397390733526
643,106.6516043391863,20064.88242046928,-18.52885552596697,0.4545165751298405,9419.922328640774
644,103.6805427100508,20844.17002645552,-15.615537721196414,0.4604683928710504,8408.729635560525
645,107.5778216160283,22025.462927962537,-19.996808456488903,0.45194231088679243,9054.113035290238
646,104.81108013429535,21698.231163022647,-17.12877550337089,0.4701997477470986,8530.768736741935
647,106.4532668381972,18280.312025147534,-15.14482292759188,0.44324183725,9826.631734097413
648,108.38848025903938,22203.180631952273,-10.397384814648522,0.4793095279408034,9210.31336144635
649,104.97293154278259,17860.04178880691,-12.239821234817715,0.43614618475609757,9411.565413370834
650,105.35168575021473,18061.13293618099,-10.284217132580096,0.4392011050940534,9443.64041139303
651,102.93806464591576,17703.24893084126,-12.626408114813373,0.4428002196313953,9067.528668838511
652,105.59407842092645,19175.076558994264,-13.343169875174125,0.45206415210700385,9419.2585912635
653,106.51672914081519,22509.485691421996,-16.363948427817494,0.4868320047801954,8750.028190269257
654,108.46440785698648,21322.525141745376,-9.98778431118786,0.4685698668468208,9444.694994219144
655,107.15182113883257,23799.49848571,-17.169680006046917,0.4951596613611825,8624.796894180901
656,108.40348851658489,21979.023100416907,-10.212631746787617,0.4755946606598746,9332.012028213945
657,104.47492492656234,19893.401369824132,-18.623241396899324,0.42663299711538466,8651.085752323412
658,107.12880538812574,21959.29681006674,-18.649575033431862,0.4636081919920466,9074.801016217094
659,106.8638530708713,18790.49585123028,-6.0592710052743755,0.4388094188775,9374.89122151017
660,106.75502810126467,22383.76143242993,-18.736328352576088,0.4818895109906833,8944.323101447586
661,106.54182854663881,21180.05037951605,-20.76353144203583,0.46922466462,9240.47132934559
662,106.76581092094457,20012.489016252668,-16.984426950539092,0.44441325754161415,9373.292987692883
663,101.09912819731596,20607.337496441512,-16.971872939817217,0.47621603956839625,8018.428564969427
664,107.62593117601321,24264.951139155128,-18.59288939503238,0.5103967226544865,8825.510214191156
665,103.44086806340306,19847.42902163439,-22.385146120030637,0.45803697523030645,8811.27126305284
666,103.11657737030833,19368.53029442679,-20.316834649405774,0.4515291460107868,8838.036334554983
667,103.68784590791877,18741.107901659834,-22.35341374363603,0.43835146228125005,9048.080708875284
668,104.12741316507865,18593.851582132407,-18.66977136615808,0.43198913034484776,9064.3116656329
669,106.71874593160985,20022.931375462587,-7.461448668723713,0.4540075068679907,9271.341441107448
670,99.684587968503,18149.36254513163,-20.756313062305768,0.4396565782793136,8179.768206505066
671,104.62646068062529,20481.060180126864,-19.81251868519984,0.46338509653662424,8859.142646182938
672,107.43099686021637,24422.780231243538,-22.123712690040207,0.4929911012271172,8627.511309167767
673,106.21678151729643,21962.44275721211,-22.799836545065766,0.47408147289738806,9059.118273913693
674,103.52003252984204,20553.871910507547,-21.704992153364092,0.46337727719079574,8602.247562428687
675,107.0934150409398,20366.946872345212,-16.44388580067082,0.4461740292384342,9338.286287262406
676,102.86455001637592,21222.65122478707,-23.571530578282786,0.44702089091803276,8120.799646313167
677,103.47570475781889,21029.50087258564,-13.96684153375148,0.4480884076016089,8153.406089353726
678,103.016741001221,20315.665213476164,-20.885660284444555,0.4569467182957044,8515.039287384969
679,107.14625486716257,22831.377823717303,-22.110232475860574,0.47166648014423085,8910.201828054478
680,106.21341499103629,22197.40459030285,-11.571449626119193,0.4864690186613692,8680.799460962093
681,104.50630430128808,19193.62623308962,-19.225055095940476,0.4330905970952382,9026.070857220147
682,107.93498795675666,24189.62978077188,-18.258664897326977,0.48607322603441866,8655.603852598453
683,105.68771457787234,20642.086450243653,-19.027058678707355,0.4496111410538379,8959.449746274267
684,107.1689268388835,24893.38273541482,-17.313946691594758,0.505170677914113,8404.428961811289
685,101.990428346555,20064.119532524997,-17.71154424075579,0.45080859591895367,8189.758044153722
686,106.74336401609276,21606.04870080119,-20.00778473679516,0.4694211247622417,9206.401652620987
687,107.70948667892142,24413.83727549791,-19.749941473568065,0.5010145281642858,8754.250529236491
688,106.98557830121293,22243.448971832775,-18.59760603710469,0.4796083516465185,9042.339165311869
689,104.66192730007634,21535.134128003116,-15.886252424198814,0.4768530253635071,8611.713211754904
690,105.92491367799545,19617.24341703333,-14.732189193909198,0.46193382172995284,9398.81994916118
691,108.56851542443611,24621.578827007743,-15.52797232395823,0.4904573250074813,8740.98100365675
692,105.41143842264715,18931.626681914062,-12.604534473419728,0.42772676060951836,9100.430155954651
693,107.69371534040003,19615.377913486012,-13.382517973647355,0.43450893120151146,9556.072998188816
694,106.73621229781811,21278.887826173494,-15.132833643861833,0.463651614095858,9108.691990645406
695,107.3440883624531,23600.093574963706,-19.077629235854612,0.48348753615354334,8838.842803167108
696,106.66913672245995,20813.367201913763,-14.673838762373132,0.4600559457859609,9196.67791147105
697,106.40106202727894,20312.61954378981,-14.1227572220625,0.46003726437818876,9314.375004903326
698,102.813558983345,19873.027775440332,-14.224709469279604,0.4622938605,8518.407787050877
699,105.68174808248321,18734.627799274018,-13.019485886957943,0.4446198088317757,9412.902315426187
700,104.20083124361389,19270.463798399327,-15.951654084737722,0.44794598119999995,8975.79859125266
701,102.4540643074093,15211.58441561342,-12.595286099976596,0.3827023126047548,9312.694223437704
702,109.04385847102455,23706.30776721199,-17.314674605281393,0.46392215596951775,8858.363425842206
703,105.34713600048192,18268.161366080203,-16.04161593477381,0.4089297760416667,9199.39963990945
704,104.07947819100784,20119.63747351746,-15.174507970090572,0.43711203069595256,8481.896919238838
705,108.3623323252394,22507.66820322154,-14.09228871999947,0.4748382376013727,9125.194453632193
706,107.77785215062669,23327.357752750497,-17.158882062905167,0.4792603442712022,8820.410345230493
707,108.15704493057662,22947.700231448343,-15.859646095833499,0.47504932802542377,8985.82427133647
708,107.17305501425548,24392.346519786952,-17.813872499958777,0.481459875893617,8392.441873844835
709,108.10508917140942,23479.785045929966,-17.052106092684213,0.48753638983333336,8948.958227777006
710,101.23537112064463,17219.047307156845,-11.260412270531889,0.43380155155355404,8577.18686764265
711,108.47809178554358,23049.84768393558,-10.862920360379146,0.48733605037108996,9029.03240587294
712,107.43658284817862,23746.954419855352,-16.875496501270778,0.4876305155670242,8567.882600282694
713,108.63987513184145,24933.6403788894,-16.66428197434173,0.4990279090232557,8670.83226582096
714,108.06350140038721,22675.69727195641,-13.894894776619186,0.4823053572514535,9098.770357706364
715,102.97435059350441,17749.819040751856,-14.664383281587185,0.422606028480427,8858.088124671971
716,101.248005108732,16027.370465587666,-7.888186068557299,0.40970423669781014,8828.704512400021
717,105.32829893719149,23275.57857776902,-19.298989393417603,0.478270734882353,8297.7360744687
718,109.31657640324373,23569.58576807386,-9.90866647761293,0.4776127493438618,9054.498084794335
719,107.82753595921976,21851.109350097417,-18.364187187304346,0.4474664013959628,9095.749397611778
720,103.64084473884171,18503.81653391422,-6.162050299137641,0.4356201641207865,8876.080696791281
721,106.81947065720335,19624.699731144945,-13.724547955336044,0.45157100031627906,9469.783254610837
722,105.45455707150848,22461.137768177345,-18.659357136857043,0.46491327643093927,8655.432896104221
723,105.523511512028,23810.704184895487,-17.162365039891334,0.4967414230021777,8303.933987516424
724,104.40619613489865,24305.047471720813,-17.03102832472022,0.49909136531460674,7933.034645537863
725,106.34853332448397,19066.24035926144,-16.223704594262784,0.4566370296985196,9681.827453227252
726,107.63418329977493,21973.590695270508,-15.67369392147628,0.46795396836150494,9118.724811905466
727,108.91890134157633,22055.011497993513,-10.588126158151562,0.4654039291125,9284.942402741506
728,102.61860784098118,18628.60723015686,-13.033817651334065,0.43339949316666665,8512.301946388585
729,108.18051394230935,22067.697707863765,-15.868815894568261,0.4533264564368602,9073.736126749023
730,106.48685245696812,22017.216182708038,-16.550434367165344,0.4789729026712871,8946.632183682956
731,107.52164156297817,21054.0543665696,-11.965358364803162,0.4676313959754634,9302.054033664994
732,107.57852408142027,24086.610184699028,-19.139904104114233,0.499243639409051,8718.398569312127
733,109.24781619005783,24874.469342233966,-14.905205972296551,0.4921906330629311,8703.800818781903
734,101.01896168680106,18593.214295485526,-18.055436489290436,0.43270764409756096,8380.296896903692
735,109.06051182034122,24146.315084864375,-13.395986184971985,0.48916042000598803,8889.543113667587
736,108.27850670681808,21777.39876377459,-16.73821993899782,0.4379712605854115,9087.670637725325
737,108.48140740899069,19515.75437727835,-5.0082316958765745,0.4466062194880353,9630.738003046306
738,105.02069182377629,20594.848772425594,-8.753801962969977,0.4622844182620088,8846.527714004016
739,108.68786931506983,21751.759702442305,-9.141760329894721,0.4692528927888763,9203.29965893006
740,108.70260249517122,21985.756397546633,-7.570358092798184,0.48390262127800204,9352.179348961597
741,108.2261761211511,21212.665862746882,-8.626378148710785,0.46391768475000006,9245.293935018997
742,105.04633760576976,21316.7090369767,-9.202441663215277,0.4645096437840909,8482.286745381083
743,106.8471084040657,22343.66702091403,-10.705660461436423,0.4745815331896551,8738.033932146862
744,107.72323380110855,22479.60024255891,-11.475474208927348,0.48155882549572654,8976.66631919187
745,104.34657126907179,22018.935192434677,-20.374424872086205,0.48050002925862073,8428.100053575248
746,106.14462584617804,22767.466408415556,-15.904603352120594,0.4880208916127088,8627.898903124802
747,106.2538664678543,23538.358149893305,-21.67837776009944,0.4826717141428572,8525.226852240477
748,103.98233427753641,18779.69290807201,-19.320872896388888,0.42776907572395834,9040.100884073916
749,107.89182906213347,22771.980688639447,-15.460702643099998,0.48308150094827595,9053.616477762427
750,103.55921718006037,22254.657032543528,-21.47529970862754,0.469955691694131,8066.241413330716
751,107.80727206647177,24918.676221477544,-17.08960687585532,0.5075506451469156,8684.250729133513
752,103.99668606340697,21985.97708852665,-20.140556378065856,0.4895167422391305,8383.304909297043
753,106.50994693576095,17349.081789658936,-17.308443171401503,0.4077798818142857,9816.997400011487
754,106.65761154743349,22696.00102853381,-18.044225101904445,0.4773288023832644,8799.005200818066
755,108.3655547782282,22836.892916107015,-18.548475953688367,0.449432843859375,8958.287475158231
756,106.87592946444961,20852.577328192587,-14.49939233483711,0.470170961456446,9212.42886728943
757,106.76694165611086,22841.13607605216,-14.326056251010192,0.4836882940686696,8747.034783468
758,107.1122055777633,20990.205510042575,-15.417689828962141,0.4696024455054087,9370.49887501548
759,104.66727938181018,21153.5706370019,-16.413302105987167,0.46398215957937256,8561.163362387917
760,106.87932132356616,20854.806585136626,-18.423166235879822,0.4636777148999999,9297.457317594834
761,104.05159385368945,18755.64333745702,-15.463348858526224,0.4230226572744755,8803.537240445481
762,106.85751422074757,19978.41644590781,-12.890873751230702,0.4298789932,9167.719604468417
763,108.4554761144629,23899.485265258234,-17.05379965160808,0.48717543905357147,8842.208262777707
764,108.55714229458115,25977.469191315995,-18.8847107106721,0.5119069710090128,8475.018358685267
765,99.52180012395253,18592.14630172877,-13.05753771431801,0.44834013193649297,7901.994624796785
766,107.92606323167671,24086.16116645041,-15.090241817521884,0.4832414517070707,8704.22173121945
767,104.8297164880919,20120.71823439117,-12.983403260327377,0.45446638987691534,8762.173704269033
768,103.1373830610733,17746.16978933983,-14.944122906457581,0.4070349181624549,8782.439183672395
769,107.31177595019417,21411.206230169468,-11.710401084131249,0.44918292119625003,8997.18524825128
770,108.135322027807,23506.794792990124,-15.80201254650588,0.4841612190750001,8867.984080098071
771,109.0744717415872,25154.901079306444,-21.967005926524337,0.46670004882743366,8516.473998055455
772,104.76463939955555,21064.91869128031,-11.470574586503625,0.4629218788950512,8491.01153119776
773,107.9001898825043,19951.193267287697,-12.168978773298603,0.4275051763894536,9371.3295069046
774,106.09330595163576,20887.92391740175,-10.153010009741864,0.46523659822189356,8872.305783841806
775,107.77454772444322,21002.220277092158,-14.624760444481005,0.46584192015754194,9363.754696577118
776,105.91703309019891,19210.176580514577,-9.375335056506199,0.4483256312072019,9200.37763668917
777,106.71098319297332,15934.497984771366,-2.7020453110946594,0.4361464578349514,10281.447325007417
778,107.41042402577658,20358.33355335955,-12.296863603878945,0.43524142900000007,9184.775421621342
779,107.75129055010423,21221.29723396079,-21.309549623116038,0.4315749038660377,9174.434356101947
780,105.96935560268633,22189.0669255296,-18.666079059708743,0.47311032069548126,8661.936679342154
781,108.6287093349402,24121.85570317421,-14.772760187381198,0.4922141292319925,8876.831315575806
782,104.94684393818552,20748.3499319634,-18.947469497925,0.4725919802967034,8907.265450740122
783,105.44716046781357,14150.405897890487,-12.088747896502293,0.39714240796513767,10469.318781951572
784,105.07847491786016,18363.304494150474,-20.969082075744044,0.4069082228630952,9244.178820889883
785,102.05148329038201,17988.69216576209,-20.231869730778797,0.42849234092278476,8874.89972664161
786,104.04854281555006,21879.785871106975,-18.515748954120163,0.47683723365745856,8403.039018840413
787,107.01937327089621,21750.34074548478,-16.169656045914063,0.4781311551421875,9190.957268598933
788,104.55538588440297,21938.800469655893,-18.496864633927597,0.47609225736175587,8500.78973791518
789,103.10989772372474,17840.13435749381,-12.33468866068675,0.4376052830414395,8914.314902910317
790,107.22563058927007,21851.95643961046,-17.91257180707627,0.47629503304608056,9212.277007834024
791,104.04636930424581,18870.484539752888,-17.863617287811202,0.4163917616085451,8793.420050974217
792,102.40721357890821,18721.570373773717,-13.239399386379398,0.43626510645119193,8622.792927971315
793,104.83902256658554,19206.88251891179,-16.347871720464244,0.43816894033869175,9057.18756931271
794,106.28817293732492,19972.480120899934,-15.99060068864128,0.4357014287284884,9126.922301477907
795,104.41453124244772,18481.67214962119,-14.345188497500617,0.41956639370210136,8985.571631716202
796,105.51683223247053,19738.65542840071,-14.450505152355584,0.4282198282256984,8926.055642512109
797,107.15629677656315,21905.786956582215,-18.974277826436417,0.45820961708120533,8960.763066989639
798,108.0167380990011,24947.346185609615,-17.26161580258915,0.5028266740436409,8616.008804364696
799,105.30929486394366,18966.47479139303,-14.050483490491304,0.4551811926987578,9299.23577095503
800,105.47662242983648,16157.20777135893,-6.5502343018245615,0.42393754887500007,9809.223039760982
801,108.72234860031675,25297.96373191445,-19.100809236506286,0.4941503661194391,8616.125445977508
802,102.93363046996853,17934.215195048477,-12.108556384776191,0.42599617032343423,8724.811554669943
803,108.02712472015878,19583.218704827676,-8.256682915445074,0.44253857883355535,9614.723992187695
804,108.05554967095802,20885.937283139046,-15.087504285424696,0.44358942183072286,9295.720344355586
805,108.41440869917122,20147.183776058402,-7.382570904593342,0.42234150070691906,9410.66636267765
806,106.99346462093605,20722.018659598107,-12.963460092837103,0.449516674512333,9075.755379205762
807,107.85087545433278,22471.361770836764,-16.25633577343003,0.47792568542452835,9123.704873109056
808,107.99374222793399,21162.95018368232,-8.046300011998465,0.4609465303757669,9172.111059739142
809,108.696196839076,20923.03058005032,-0.7679862271980827,0.46166290984504804,9282.369602627945
810,96.63080104168698,8082.71304405118,11.92245614506272,0.36188037057243816,9176.979411784678
811,104.53219608588184,18418.54192625516,-12.619714522753377,0.4485435074668304,9233.706768529031
812,107.28285996048935,16924.544108948867,4.5197062985176455,0.4087158571000001,9600.88347018488
813,103.96072169048892,16803.4378628764,-0.8105628122815759,0.40371957718018536,8979.862736123143
814,107.85864192847448,17101.194222793314,-0.985176464088784,0.4020264086074767,9896.041430995252
815,106.70591401083564,17903.350027779383,-3.1978922752828125,0.43732015369312505,9564.70274278342
816,108.910291387816,21406.120850700463,-14.312403278639216,0.42601912480000004,9225.310334729851
817,103.85116088516935,18410.352679820724,-4.594964072249999,0.41985347478636365,8637.2904164197
818,106.4786151408794,20019.935715481548,-2.618822639430951,0.42941787626200884,8981.105192872235
819,106.45102345229056,21985.744988194314,-8.62241560298813,0.4690520693715084,8714.81235194441
820,109.709824590224,23597.120866103676,-7.346660400728213,0.4905823234357395,9178.386814271726
821,107.25661495933484,20439.20773263804,-6.770773461497456,0.4477606617131232,9119.701479452135
822,106.46484131843651,18881.109020762557,-15.277100146948833,0.45184044932836787,9634.831865813077
823,108.68651027779939,20349.710773093015,-10.919862338569226,0.4352332946952841,9511.934676904144
824,106.64654373598384,22069.276055441747,-5.985440156722174,0.4799801214078261,8647.932990925885
825,108.14201581474191,24147.01048509061,-11.802831947960847,0.49701400135598556,8717.675343117697
826,108.56372934703408,18630.956101898384,-3.475427608512358,0.40661411038973383,9632.368192955224
827,103.20746663493945,18986.820521643887,-4.197865143381243,0.41479121149951026,8212.024394565336
828,108.46487939061335,22727.933125930696,-7.692343874453781,0.4738950278571429,8942.654387469818
829,107.66418716376712,23382.099065955234,-12.92329050601292,0.4862639155920217,8760.283242385094
830,108.11802536952236,21615.401561583116,-6.346996843798499,0.458011696041,9092.211231877127
831,105.01834206986285,22522.99664419311,-14.305858257199594,0.4800988957741936,8356.633248571807
832,109.68573190978073,24722.621028561553,-11.58408045260765,0.48834885937900363,8838.291860600626
833,102.03433195404354,21667.8305058053,-19.113809577270043,0.48270149714858496,7920.875534845194
834,110.8662682934999,23381.51968983158,-3.7011491431273957,0.4690610822876713,9204.971167248088
835,107.29835954161483,23264.980314426346,-7.008770157167612,0.4956061632923076,8621.375296377302
836,109.0695985258958,20596.122172546595,-3.9901106316283323,0.42647990083000004,9409.722192251724
837,109.56245280872469,21772.92841536814,-7.108928701338791,0.45816363231218016,9321.101303033145
838,108.45673501030385,25038.290085426397,-17.07605301586776,0.502346354775,8677.108973393613
839,108.43615775631024,21861.1211031361,-4.082128672551332,0.4760259351886882,9111.842555102647
840,108.80301316626175,21566.774413072344,-3.295202313767151,0.47025291135498953,9321.509318549355
841,108.17827996543954,24783.430559210297,-8.205023063524282,0.49915909510264905,8432.041290845964
842,108.81677094028154,24757.073166409264,-15.55814124216296,0.4917402746888888,8753.848890386924
843,108.58802808440639,21314.615542659412,-3.451685358542233,0.44113108483651225,8974.383341235705
844,107.0010440027538,20487.29471176408,-16.372860487327586,0.46253991219827584,9369.36086441143
845,109.76905602308248,23091.730993364865,-12.22947559156044,0.454887087135989,9066.161497229663
846,109.81088605698213,25396.858880019543,-12.159440542238526,0.48881704011594207,8651.67402910847
847,108.29239734857222,25670.416049367177,-18.87399115341904,0.510964037673575,8579.344767349707
848,109.64832230984165,22679.582139741033,-7.199619316226629,0.478364915124646,9239.299696660435
849,110.37262389506706,21618.451371754825,2.4203808768350887,0.47266000904162275,9602.244468014549
850,106.15033745572778,20515.758962153704,-5.593104593207655,0.4531965903818182,8746.10197868934
851,109.46858106558157,22637.06043031657,-6.720971993341774,0.47840268218605814,9227.561727082519
852,108.465558417341,22657.655601450453,-8.402602326179702,0.4736931042163366,8901.721481794995
853,109.18116194557633,22287.162088906345,-9.156285416311436,0.47307715946329787,9252.943814751507
854,108.00777026303535,22364.159687085954,-8.33737158903855,0.48401358464018696,9011.503090618557
855,98.19004255066193,15727.228629786881,-19.126347439978137,0.42677337160874573,8326.277378914623
856,107.06869874326101,20035.93105921949,-4.943439714092976,0.4640507388170011,9350.42971713615
857,105.4154645031904,20660.13487661733,-9.244823038980174,0.460131588,8719.47359981634
858,106.82267017493142,20340.18134762056,-6.365474937056852,0.4232548500654206,8812.416078870987
859,104.49531326627368,18584.550014333105,-8.23761670160329,0.4239727959074915,8858.992603538969
860,106.59369044054479,20360.924042785085,-8.553628259216591,0.42327567731625837,8879.263427245924
861,106.91206705049913,22049.168296315664,-11.388696980530055,0.47735808610655733,8878.520724913289
862,109.07753558608957,24329.329822257136,-11.80990398587422,0.49500647801694914,8905.337902837395
863,106.43561643580885,21556.344068762126,-11.769988185068181,0.46640282628371627,8785.34219416947
864,109.29137877988832,21577.70013467364,-9.82823069914832,0.44764001699652367,9355.096314879935
865,101.57069416379144,15602.57645253806,-3.3634388147905843,0.40672345725000003,8833.531944467411
866,103.28822569870921,18947.93621963164,-20.56312780327386,0.4546311017178423,9034.642365177659
867,109.40823258814069,21890.83399314497,-6.4401417675662485,0.466699520193566,9408.676389006429
868,105.78874546237964,20722.839268383384,-11.726980305332587,0.41954527311702133,8431.306166874732
869,109.66569173242603,21151.1868682206,-7.983308142405062,0.43429136721518996,9436.221245680463
870,108.07299260601931,21989.007965388126,-9.507278604332154,0.47348026787105557,9158.41098394312
871,109.54519492826,22532.901701457344,-8.226360859173683,0.4648885875000001,9243.077332542784
872,107.59003985285001,22019.987815383516,-8.204687289792647,0.466841840325,8884.965232223616
873,109.49820262475066,19762.598453055467,-1.9104168195813733,0.43279650650000007,9771.097079751456
874,108.4306555811094,21517.974962537955,-4.759501582967227,0.4618684377804878,9116.606222542878
875,108.73563248707251,22220.086835906346,-5.183899436348972,0.4781632074501466,9143.812044598646
876,106.20254901473841,17762.097296875825,1.1679870296574664,0.4261310059686324,9342.101004916947
877,104.47147084499714,21675.557372308096,-21.41999554792311,0.4737450753140747,8564.28146138241
878,108.87933810572086,18597.658844499358,-1.2983474605225453,0.422354970411844,9807.518370530659
879,109.54653942317974,23470.769926431334,-7.661338537653759,0.4893348493563116,9117.775421465818
880,109.78640674311724,21713.838721356766,-6.2306513859068575,0.44620007469601175,9355.748216965798
881,109.80746712010784,22757.5955227838,-6.942176397598092,0.4738027450514317,9260.38957764754
882,108.25394705431329,22251.793816639005,-10.813895678231557,0.47636281058606555,9120.336841793058
883,110.0061929259499,22612.534793882067,-7.770662912561855,0.4603010031649485,9254.159105551285
884,104.78537182591221,15651.812616822193,-5.299045174697876,0.3949801191254826,9537.71556924587
885,110.06916042788346,22781.34805185779,-8.31374458390231,0.4531688205763006,9185.98548902413
886,107.67663398902378,22963.35059287975,-19.09939954811019,0.4795666269152792,8913.968548069815
887,106.66952877658152,18110.64279172236,-9.262249518610133,0.41424056837635137,9502.083163020563
888,107.63461843932626,22808.96896401328,-11.241570895206088,0.4817936270454546,8859.603490631027
889,109.12173216720561,25764.367882574534,-14.432652450378434,0.5172040974024725,8586.205837914027
890,106.46883573136498,22132.228064683328,-9.553602709926617,0.4726100882215132,8583.680721916646
891,108.25895074338659,20538.948257115462,-3.1426697281709868,0.47382952827007774,9521.83134716516
892,103.47948007905607,17886.173599418245,-5.363082027830509,0.41375634017796614,8707.20154833561
893,105.11955901341943,18194.559974356598,-10.944768111178933,0.4085586448743655,9191.189647297939
894,106.84960286818065,22539.537251116242,-10.186153840779248,0.47798926293381727,8648.485618161285
895,108.79565961542976,23155.24118467997,-10.285811198980658,0.48351800040687687,9030.036784962744
896,104.0943513663631,19750.536078399527,-7.35109707602829,0.4285047223771849,8442.115556551846
897,100.50387074242478,16781.579156284613,-20.867513837097302,0.42575948284850296,8726.804997203535
898,103.99725598862862,20523.859033023855,-16.003405622645168,0.43648535438696445,8333.667613085805
899,104.77760932509797,15668.514594810327,1.5207082855934577,0.41455065274966624,9540.562329794715
900,104.29575881246338,18536.321068459514,-2.161679985445996,0.43708711634890784,8873.682704591223
901,105.80651684623452,17769.397509815914,-0.9908571814567557,0.41005294699052136,9172.909875217945
902,104.90716964421999,17839.42195205099,-3.7452803913835004,0.4255782555887909,9142.021607615456
903,105.8507428267744,20027.959592314448,-8.567339376227546,0.44521536048053895,8877.688729210411
904,91.09513159827848,7446.11426909126,11.945221025239979,0.31955209153897546,7846.974938149222
905,109.54058620569775,20316.25653909999,-2.1173446076254763,0.44972245763977126,9671.732154518373
906,105.2145903941745,16918.225098422026,6.66427094333542,0.42664802706382987,9245.104357871009
907,105.06177890594931,19268.63309363715,-20.8117692690377,0.46362039751785716,9408.510506811936
908,106.93529951062372,20764.143013535377,-0.23175585608674132,0.4539220070338984,8891.825450089547
909,110.40988889158196,23199.06470455129,-3.116898874288106,0.4776644830817844,9197.551904273783
910,109.28972473670328,23149.324771585936,-5.783830644134914,0.4890249020019343,9102.65701265898
911,107.41594171729025,21002.534215329317,0.9215380411020984,0.46748198659467755,8917.291652582575
912,110.11667988620559,19209.41608512241,-0.8360194550058145,0.4230930334011627,9876.538121284311
913,108.00357828263623,23927.826099459897,-11.641017457996496,0.49042953203721545,8633.839549803783
914,109.33384451011298,23311.976324336985,-7.746186081061833,0.48992984225266734,9120.193428078586
915,108.21220559374686,21971.671982184103,-10.088717314187878,0.4702488391863637,9127.599786099321
916,109.48876917742504,22631.589418250907,-5.853293779164355,0.48038030657376246,9239.208034148476
917,103.23180382020311,19044.744394763515,-6.715848791623639,0.4232462015948276,8357.37399310071
918,103.87326169190575,20083.037912619526,-24.7730174644352,0.45099656517895365,8843.845771522456
919,108.99995652235188,20475.69514829149,-8.03776776975723,0.45052901398192774,9570.830422288394
920,109.01052445980503,21974.629772805416,-8.714443366310695,0.4756545381112717,9332.30406037905
921,107.52525081838058,23341.131606769068,-13.146543015223406,0.48863518016003693,8799.81262664216
922,104.94736708907735,18573.299664939255,-3.48423730820268,0.44238503771924287,8984.740578398587
923,108.9334515636372,22402.028102571316,-0.9296635602416184,0.48091034220670387,9008.727074737579
924,106.55827828219606,20898.728701151013,-6.037084034265389,0.46811367190677966,8912.456731622788
925,110.37957390562538,20808.518937067707,2.1885980300461227,0.45808639925109174,9638.309065742638
926,103.43383403970387,14589.049749909322,-2.2312049556308216,0.396131876420548,9492.794172620766
927,108.75184354364346,23196.685781906963,-12.997577407112878,0.4802426282688541,9020.873031061556
928,103.89686864990519,16387.87482829543,-5.539448395571112,0.42169726265233887,9271.984267053764
929,102.7539316914031,18525.56309099182,-23.229108233669404,0.4291137889875,8838.025743827295
930,108.04169049606217,20021.047648209737,-8.675914102437197,0.457419300553398,9648.765037543037
931,108.76993189677633,23582.937862352213,-11.438067305748426,0.4942912156227518,9025.116191167164
932,108.93189701764916,21462.374561328637,-2.5525816745447223,0.47375369338416423,9361.590421138362
933,104.9883857151262,21534.725748169752,-8.764648147600937,0.47755005102161496,8412.333472613227
934,110.016267562799,23081.978266850114,-4.967072627528617,0.4903903528642039,9233.579996764669
935,108.36306164842891,20890.042019085486,0.04839409231739584,0.4600396419262462,9174.519275313512
936,110.69371892673998,22241.137824281905,-1.2934980597259285,0.46291841185667393,9436.410899012568
937,106.28463086518924,20319.195586857913,1.9981304689767612,0.4641666118183098,8836.737008578397
938,109.43927703208682,22026.889177346384,-0.2355978066895528,0.4706619626507463,9207.726303714437
939,109.01397314658526,22579.585031069495,-2.32333092212096,0.4860301360519651,9073.293650983847
940,104.93329238569106,23185.002800963604,-23.76078891968345,0.49653156369624585,8415.224804110778
941,110.45839021153179,16762.182606257928,4.042703449166401,0.3913879287528,10317.005787785292
942,101.06690939965661,12554.706439448042,0.4237430844726232,0.394114355221902,9387.499918464126
943,107.37416038448266,22738.70427531857,-9.628621973387434,0.4744712660104712,8660.153198060929
944,109.18639081120955,24543.727284687466,-12.171152334357672,0.4939580507994768,8803.612307461539
945,106.72709461671184,21851.767488959034,-2.628705016150285,0.4776461709017059,8704.679013961077
946,109.78485143707546,24535.577118934896,-8.244149635935134,0.5013258011148648,8953.668838997392
947,106.92240971424324,19531.06387680556,1.188935303177263,0.4388551062042026,9178.04857878581
948,108.1504097798941,22824.97071006684,-11.292473244834664,0.4815398116231471,9002.169784008345
949,106.43853699461384,21955.681969636036,-1.60300222941407,0.47557220233398284,8559.4128683283
950,108.02095153767415,24511.94994776959,-18.477755348267458,0.50126066849162,8681.355560875725
951,107.51115002956192,22451.410117786527,-16.86763435672549,0.47760056935714285,9086.686142057151
952,105.29919464749915,17652.717541445094,3.0390068109424324,0.41405716481250004,8963.890301803307
953,110.6023403321921,19658.65340222485,1.5576511549268781,0.42059647226086955,9804.958274338162
954,106.1450253471112,16564.08098663643,5.392448825337028,0.4033007518494133,9444.623817238498
955,105.96036830100573,16837.367440347938,4.472501675502428,0.41895534181310684,9511.436937750976
956,105.610366051018,20925.436082411674,-2.886824602254409,0.44381109435,8491.128226298393
957,109.69961429289125,24784.44468230582,-12.718513762246697,0.48468847598490566,8774.884501250273
958,108.43720323291438,21143.77662842849,-2.922855530348943,0.46723115825075534,9272.506855358888
959,109.92424176493213,24417.37624517965,-2.860088120442968,0.4961621688846484,8824.058644719767
960,108.10679362255648,22811.99437312992,-4.682489493786798,0.48883483922033893,8822.71774986557
961,104.51409814457948,23096.502293018264,-22.756012548285714,0.4957370084999999,8282.757574427804
962,109.3876073116806,19149.13632957117,-3.7573595547533993,0.42113049984177997,9771.897644236164
963,104.74512854987618,20972.01254350246,-1.281836322153776,0.47222238842487047,8338.789223915517
964,110.31869730545444,23485.170056531326,-4.3290691628059825,0.48323252110909093,9194.37893472036
965,105.55127385557583,19991.911270188575,0.09381362320548338,0.45784184148742463,8720.256091649118
966,109.85361164374362,20851.098020453304,0.3267189432815719,0.4639963714503866,9682.042926084845
967,105.56803473361664,19343.880609994652,2.5282889872195855,0.4551107314686636,8941.37606659907
968,105.56803473361664,19343.880609994652,2.5282889872195855,0.4551107314686636,8941.37606659907
969,109.96294939965247,20567.30851254635,-3.0808133928995827,0.4455786435983313,9645.268811464866
970,109.96294939965247,20567.30851254635,-3.0808133928995827,0.4455786435983313,9645.268811464866
971,106.54613107580015,20016.557392712315,0.21828392202613311,0.4493914344740981,8861.83631112567
972,106.65954435823102,24916.863570177447,-21.127590370399087,0.5109577551640625,8373.037791718472
973,110.03553243784543,22799.687691874376,-6.632164919097219,0.47417256697685184,9259.750866080247
974,100.16156770739035,10909.433741492541,2.5479643657964166,0.37788494014495116,9500.371501335349
975,107.37416038448266,22738.70427531857,-9.628621973387434,0.4744712660104712,8660.153198060929
976,109.18639081120955,24543.727284687466,-12.171152334357672,0.4939580507994768,8803.612307461539
977,106.92240971424324,19531.06387680556,1.188935303177263,0.4388551062042026,9178.04857878581
978,108.1504097798941,22824.97071006684,-11.292473244834664,0.4815398116231471,9002.169784008345
979,108.61901474595648,22165.78585413266,-3.106992937742425,0.47180388838429754,9006.168788514982
980,107.77425463698381,19925.672644076552,-4.822751686019933,0.4460095300863788,9354.174492633761
981,109.30165157629034,22429.56091503327,-2.1267043196920907,0.48164803180932203,9191.032330202968
