,N,Q_1 [lb/h],proportion_%
/record_00,1548,4,0.2583979328165375
/record_01,2844,0,0.0
/record_02,2339,3,0.12825994014536127
/record_03,2400,8,0.33333333333333337
/record_04,1152,31,2.6909722222222223
/record_05,1183,2,0.16906170752324598
/record_10,872,69,7.912844036697248
/record_100,2582,0,0.0
/record_1000,1678,1,0.05959475566150178
/record_1001,1617,2,0.12368583797155226
/record_101,2766,4,0.14461315979754158
/record_102,4258,40,0.9394081728511038
/record_103,4599,6,0.1304631441617743
/record_104,1949,0,0.0
/record_105,2584,61,2.3606811145510833
/record_106,1163,2,0.17196904557179707
/record_107,1324,44,3.3232628398791544
/record_108,1471,5,0.3399048266485384
/record_109,1379,80,5.8013052936910805
/record_11,2016,16,0.7936507936507936
/record_110,2259,23,1.018149623727313
/record_111,2043,0,0.0
/record_112,3211,118,3.674867642478979
/record_113,972,0,0.0
/record_114,2325,35,1.5053763440860215
/record_115,983,0,0.0
/record_116,1974,56,2.8368794326241136
/record_117,2054,46,2.239532619279455
/record_118,1370,84,6.131386861313868
/record_119,1368,78,5.701754385964912
/record_12,1958,53,2.706843718079673
/record_120,1966,8,0.40691759918616477
/record_121,1175,23,1.9574468085106382
/record_122,1167,59,5.055698371893745
/record_123,304,60,19.736842105263158
/record_124,2463,91,3.6946812829882254
/record_125,3636,0,0.0
/record_126,1038,20,1.9267822736030826
/record_127,2742,50,1.8234865061998542
/record_128,1855,27,1.4555256064690028
/record_129,1948,64,3.285420944558522
/record_13,1179,22,1.8659881255301103
/record_130,1489,15,1.0073875083948958
/record_131,1112,6,0.539568345323741
/record_132,595,44,7.394957983193278
/record_133,630,44,6.984126984126984
/record_134,2131,49,2.299389957766307
/record_135,2141,49,2.288650163475012
/record_136,3579,73,2.039675887119307
/record_137,3546,58,1.6356457980823462
/record_138,1694,27,1.5938606847697756
/record_139,2084,0,0.0
/record_14,2111,1,0.047370914258645196
/record_140,1662,75,4.512635379061372
/record_141,1701,36,2.1164021164021163
/record_142,1446,40,2.7662517289073305
/record_143,1818,50,2.7502750275027505
/record_144,3618,6,0.16583747927031509
/record_145,5507,29,0.5266025059015798
/record_146,2841,23,0.8095740936290039
/record_147,1577,13,0.8243500317057704
/record_148,2251,11,0.48867170146601513
/record_149,1278,10,0.7824726134585289
/record_15,2633,10,0.379794910748196
/record_150,329,36,10.94224924012158
/record_151,611,4,0.6546644844517185
/record_152,1367,25,1.8288222384784198
/record_153,808,24,2.9702970297029703
/record_154,3015,3,0.09950248756218905
/record_155,807,41,5.080545229244114
/record_156,711,4,0.5625879043600562
/record_157,2157,10,0.4636068613815485
/record_158,2524,16,0.6339144215530903
/record_159,2476,7,0.28271405492730206
/record_16,2961,18,0.60790273556231
/record_160,1186,48,4.0472175379426645
/record_161,2747,6,0.2184200946487077
/record_162,1143,0,0.0
/record_163,2024,7,0.3458498023715415
/record_164,2469,73,2.9566626164439045
/record_165,2096,0,0.0
/record_166,2001,3,0.14992503748125938
/record_167,2167,2,0.09229349330872173
/record_168,2865,0,0.0
/record_169,839,0,0.0
/record_17,2793,0,0.0
/record_170,3616,9,0.2488938053097345
/record_171,3541,2,0.05648121999435188
/record_172,2206,38,1.7225747960108795
/record_173,2402,0,0.0
/record_174,2570,28,1.0894941634241244
/record_175,3042,7,0.23011176857330704
/record_176,2565,59,2.3001949317738792
/record_177,2066,6,0.29041626331074544
/record_178,3463,46,1.3283280392723074
/record_179,802,29,3.6159600997506236
/record_18,2217,18,0.8119079837618403
/record_180,2901,116,3.9986211651154777
/record_181,3187,1,0.031377470975839344
/record_182,4561,10,0.21925016443762332
/record_183,4536,2,0.04409171075837742
/record_184,1935,66,3.4108527131782944
/record_185,1695,19,1.12094395280236
/record_186,2518,19,0.7545671167593329
/record_187,3235,2,0.061823802163833076
/record_188,2334,78,3.3419023136246784
/record_189,2356,0,0.0
/record_19,2536,3,0.11829652996845426
/record_190,2476,50,2.0193861066235863
/record_191,2716,4,0.14727540500736377
/record_192,3072,13,0.4231770833333333
/record_193,3357,9,0.2680965147453083
/record_194,3461,36,1.0401618029471251
/record_195,2380,0,0.0
/record_196,3270,83,2.53822629969419
/record_197,627,0,0.0
/record_198,1787,14,0.783435926133184
/record_199,2981,9,0.30191211003019125
/record_20,699,2,0.28612303290414876
/record_200,3531,30,0.8496176720475787
/record_201,2100,8,0.38095238095238093
/record_202,2606,26,0.9976976208749041
/record_203,2105,100,4.750593824228028
/record_204,2465,0,0.0
/record_205,2586,3,0.11600928074245939
/record_206,2995,6,0.20033388981636058
/record_207,2508,4,0.1594896331738437
/record_208,2826,23,0.813871196036801
/record_21,1672,1,0.05980861244019139
/record_210,1069,6,0.5612722170252572
/record_212,2399,0,0.0
/record_213,1723,6,0.3482298316889147
/record_214,1993,5,0.2508780732563974
/record_215,2371,7,0.2952340784479123
/record_216,2327,17,0.730554361839278
/record_217,1777,5,0.28137310073157007
/record_218,1734,0,0.0
/record_219,1942,0,0.0
/record_22,3925,24,0.6114649681528662
/record_220,2383,1,0.0419639110365086
/record_221,1731,4,0.2310803004043905
/record_223,2126,3,0.14111006585136407
/record_224,1991,3,0.15067805123053743
/record_225,3499,7,0.20005715918833952
/record_226,3360,0,0.0
/record_227,2024,1,0.04940711462450593
/record_228,1861,0,0.0
/record_229,2303,4,0.17368649587494572
/record_23,2700,35,1.2962962962962963
/record_231,1264,55,4.351265822784811
/record_232,1481,43,2.9034436191762323
/record_233,1401,38,2.7123483226266956
/record_234,2248,4,0.1779359430604982
/record_235,2266,34,1.500441306266549
/record_236,1796,11,0.6124721603563474
/record_237,2723,16,0.5875872199779655
/record_238,2303,62,2.692140686061659
/record_239,2329,4,0.17174753112924002
/record_24,3156,45,1.4258555133079849
/record_240,1917,1,0.05216484089723526
/record_241,1941,4,0.20607934054611027
/record_243,1333,1,0.07501875468867217
/record_244,2643,5,0.18917896329928113
/record_245,1323,2,0.15117157974300832
/record_246,371,23,6.199460916442049
/record_247,1085,0,0.0
/record_248,1107,19,1.7163504968383017
/record_249,2304,37,1.6059027777777777
/record_25,2848,25,0.877808988764045
/record_250,2234,6,0.26857654431512984
/record_251,2084,25,1.199616122840691
/record_252,2068,4,0.19342359767891684
/record_253,2606,5,0.19186492709132769
/record_254,1553,18,1.159047005795235
/record_255,3348,6,0.17921146953405018
/record_256,2763,23,0.8324285197249367
/record_257,2685,43,1.601489757914339
/record_258,2906,16,0.5505849965588437
/record_259,244,2,0.819672131147541
/record_26,2857,91,3.1851592579628982
/record_260,1258,7,0.5564387917329093
/record_261,1465,3,0.20477815699658702
/record_262,1013,3,0.29615004935834155
/record_263,2648,8,0.3021148036253776
/record_264,2866,0,0.0
/record_265,1326,0,0.0
/record_266,1293,0,0.0
/record_267,1714,13,0.7584597432905484
/record_268,1492,6,0.40214477211796246
/record_269,2892,0,0.0
/record_27,2439,5,0.2050020500205002
/record_270,2911,4,0.13740982480247338
/record_271,994,2,0.2012072434607646
/record_272,1721,2,0.11621150493898895
/record_273,1869,7,0.37453183520599254
/record_274,2166,0,0.0
/record_275,1230,7,0.5691056910569106
/record_276,3095,0,0.0
/record_277,2318,3,0.12942191544434856
/record_278,3032,4,0.13192612137203166
/record_279,1202,0,0.0
/record_28,1518,41,2.7009222661396577
/record_280,915,1,0.1092896174863388
/record_281,1506,4,0.2656042496679947
/record_282,1139,4,0.35118525021949076
/record_283,2073,0,0.0
/record_284,2434,1,0.041084634346754315
/record_285,3464,2,0.057736720554272515
/record_286,3338,0,0.0
/record_287,7095,0,0.0
/record_288,2901,0,0.0
/record_289,1307,12,0.9181331293037491
/record_29,1883,0,0.0
/record_290,1372,0,0.0
/record_291,764,3,0.3926701570680628
/record_292,804,0,0.0
/record_293,1399,7,0.5003573981415297
/record_294,1638,0,0.0
/record_295,1021,1,0.0979431929480901
/record_296,1419,21,1.4799154334038054
/record_297,3998,10,0.25012506253126565
/record_298,1142,20,1.7513134851138354
/record_299,2843,13,0.4572634540977841
/record_30,1206,5,0.41459369817578773
/record_300,2823,17,0.602196245129295
/record_301,3462,5,0.14442518775274407
/record_302,1356,0,0.0
/record_303,2030,8,0.3940886699507389
/record_304,1217,0,0.0
/record_305,1599,0,0.0
/record_306,1515,13,0.8580858085808581
/record_307,2013,4,0.19870839542970692
/record_308,2062,3,0.1454898157129001
/record_309,1202,1,0.08319467554076539
/record_31,368,77,20.92391304347826
/record_310,1444,0,0.0
/record_311,1392,0,0.0
/record_312,1441,0,0.0
/record_313,2589,0,0.0
/record_314,2991,0,0.0
/record_315,783,3,0.38314176245210724
/record_316,1715,16,0.9329446064139941
/record_317,2638,0,0.0
/record_318,2578,0,0.0
/record_319,1034,0,0.0
/record_32,949,58,6.111696522655427
/record_320,1110,0,0.0
/record_321,2248,0,0.0
/record_322,2352,1,0.04251700680272109
/record_323,2501,0,0.0
/record_324,2218,0,0.0
/record_325,1697,2,0.11785503830288745
/record_326,3408,0,0.0
/record_327,1771,2,0.1129305477131564
/record_328,2330,0,0.0
/record_329,2130,0,0.0
/record_33,4774,3,0.06284038542103058
/record_330,2679,2,0.07465472191116088
/record_331,2789,3,0.10756543564001435
/record_332,2722,6,0.2204261572373255
/record_333,1816,0,0.0
/record_334,1818,1,0.055005500550055
/record_335,2595,2,0.07707129094412332
/record_336,2649,0,0.0
/record_337,895,0,0.0
/record_338,1808,2,0.11061946902654868
/record_339,2852,7,0.24544179523141654
/record_34,2327,14,0.6016330038676407
/record_340,3613,10,0.2767783005812344
/record_341,1646,10,0.6075334143377886
/record_342,2426,1,0.041220115416323165
/record_343,7620,2,0.026246719160104987
/record_344,3411,0,0.0
/record_345,2942,15,0.5098572399728076
/record_346,4216,6,0.14231499051233396
/record_347,2067,2,0.09675858732462506
/record_348,1674,0,0.0
/record_349,353,2,0.56657223796034
/record_35,2968,65,2.1900269541778976
/record_350,1875,0,0.0
/record_351,2047,0,0.0
/record_352,1964,0,0.0
/record_353,2606,4,0.15349194167306215
/record_354,2831,1,0.035323207347227124
/record_355,2428,1,0.04118616144975289
/record_356,1559,0,0.0
/record_357,1001,2,0.1998001998001998
/record_358,2190,1,0.045662100456621
/record_359,2114,0,0.0
/record_36,3214,4,0.12445550715619166
/record_360,1945,2,0.10282776349614395
/record_361,2450,1,0.04081632653061225
/record_362,522,0,0.0
/record_363,3805,19,0.49934296977660975
/record_364,3951,1,0.02531004808909137
/record_365,2781,0,0.0
/record_366,3749,2,0.05334755934915977
/record_367,1651,0,0.0
/record_368,844,0,0.0
/record_369,2366,4,0.16906170752324598
/record_37,4990,1,0.02004008016032064
/record_370,3379,1,0.029594554601953243
/record_371,1343,0,0.0
/record_372,1796,0,0.0
/record_373,3034,0,0.0
/record_374,2483,0,0.0
/record_375,2496,2,0.08012820512820512
/record_376,2617,2,0.07642338555598013
/record_377,927,0,0.0
/record_378,2484,0,0.0
/record_379,2376,0,0.0
/record_38,2256,11,0.4875886524822695
/record_380,15,0,0.0
/record_381,4721,40,0.8472781190425758
/record_382,2487,9,0.3618817852834741
/record_383,2072,23,1.1100386100386102
/record_384,1764,26,1.473922902494331
/record_385,2521,5,0.19833399444664812
/record_386,2141,0,0.0
/record_387,2774,8,0.2883922134102379
/record_388,957,3,0.3134796238244514
/record_389,1200,0,0.0
/record_39,2548,129,5.062794348508634
/record_390,2546,1,0.03927729772191674
/record_391,2189,51,2.3298309730470534
/record_392,1873,55,2.936465563267485
/record_393,2832,198,6.991525423728813
/record_394,3420,26,0.7602339181286549
/record_395,1246,40,3.210272873194221
/record_396,1165,68,5.836909871244635
/record_397,3199,7,0.2188183807439825
/record_398,2859,44,1.5389996502273522
/record_399,3803,70,1.8406521167499343
/record_40,3340,61,1.8263473053892216
/record_400,998,0,0.0
/record_401,1792,8,0.4464285714285714
/record_402,1943,30,1.5440041173443129
/record_403,2857,25,0.8750437521876094
/record_404,2471,1,0.04046944556859571
/record_405,4199,39,0.9287925696594427
/record_406,4208,58,1.3783269961977187
/record_407,2123,4,0.18841262364578426
/record_408,706,0,0.0
/record_409,2291,19,0.8293321693583587
/record_41,3244,98,3.020961775585697
/record_410,2264,14,0.6183745583038869
/record_411,1927,87,4.514789828749351
/record_412,2009,0,0.0
/record_413,4523,8,0.17687375635640062
/record_414,4849,19,0.3918333677046814
/record_415,4482,15,0.33467202141900937
/record_416,2415,29,1.2008281573498965
/record_417,1636,65,3.973105134474328
/record_418,1391,2,0.14378145219266716
/record_419,1802,79,4.384017758046615
/record_42,3508,61,1.7388825541619155
/record_420,2161,3,0.13882461823229986
/record_421,762,1,0.13123359580052493
/record_422,3955,7,0.17699115044247787
/record_423,4038,7,0.1733531451213472
/record_424,4158,16,0.3848003848003848
/record_425,4252,16,0.37629350893697083
/record_426,1695,13,0.7669616519174041
/record_427,2191,31,1.4148790506617983
/record_428,2381,2,0.08399832003359933
/record_429,2928,11,0.3756830601092896
/record_43,2750,59,2.1454545454545455
/record_430,2269,1,0.044072278536800354
/record_431,1751,39,2.227298686464877
/record_432,2673,3,0.11223344556677892
/record_433,1889,4,0.21175224986765487
/record_434,1477,0,0.0
/record_435,1514,32,2.1136063408190227
/record_436,2693,33,1.2253991830672113
/record_437,2197,4,0.18206645425580337
/record_438,735,2,0.27210884353741494
/record_44,2341,38,1.6232379325074753
/record_440,1395,7,0.5017921146953405
/record_441,1970,0,0.0
/record_442,2438,69,2.8301886792452833
/record_443,2384,8,0.33557046979865773
/record_444,2804,12,0.42796005706134094
/record_445,3015,32,1.0613598673300166
/record_446,2760,4,0.14492753623188406
/record_447,3298,0,0.0
/record_448,3665,38,1.0368349249658937
/record_449,4372,31,0.7090576395242452
/record_45,2485,25,1.0060362173038229
/record_450,3335,26,0.7796101949025487
/record_451,4167,2,0.04799616030717543
/record_452,1899,32,1.685097419694576
/record_453,2286,33,1.4435695538057742
/record_454,2146,18,0.8387698042870456
/record_455,2697,31,1.1494252873563218
/record_456,2130,19,0.892018779342723
/record_457,1970,111,5.634517766497462
/record_458,1301,22,1.6910069177555727
/record_459,1344,6,0.4464285714285714
/record_46,3060,39,1.2745098039215685
/record_460,3598,22,0.6114508060033352
/record_461,2980,103,3.4563758389261747
/record_462,1488,29,1.9489247311827957
/record_463,1627,0,0.0
/record_464,1570,19,1.210191082802548
/record_465,1785,78,4.369747899159663
/record_466,2566,14,0.5455962587685114
/record_467,2031,4,0.19694731659281145
/record_468,2537,49,1.931415057154119
/record_469,2889,22,0.761509172724126
/record_47,3347,0,0.0
/record_470,2419,57,2.3563455973542786
/record_471,2462,43,1.7465475223395612
/record_472,684,10,1.461988304093567
/record_473,2316,34,1.468048359240069
/record_474,2535,25,0.9861932938856016
/record_475,2372,1,0.042158516020236084
/record_476,3681,24,0.6519967400162999
/record_477,4101,21,0.5120702267739575
/record_478,3693,32,0.8665041971297048
/record_479,4224,12,0.2840909090909091
/record_48,3788,15,0.395987328405491
/record_480,1884,11,0.583864118895966
/record_481,2011,35,1.74042764793635
/record_482,1497,6,0.4008016032064128
/record_483,2304,12,0.5208333333333333
/record_484,2100,11,0.5238095238095238
/record_485,1924,22,1.1434511434511436
/record_486,2811,12,0.42689434364994666
/record_487,956,23,2.405857740585774
/record_488,1729,85,4.9161364950838635
/record_489,1685,53,3.1454005934718103
/record_49,4161,21,0.5046863734679163
/record_490,2379,13,0.546448087431694
/record_491,3297,3,0.09099181073703368
/record_492,3975,47,1.1823899371069182
/record_493,3439,64,1.8610061064262866
/record_494,3530,60,1.69971671388102
/record_495,2939,4,0.13610071452875128
/record_496,2074,26,1.253616200578592
/record_497,2136,1,0.04681647940074907
/record_498,3475,30,0.8633093525179856
/record_499,3182,58,1.8227529855436833
/record_50,1341,19,1.4168530947054436
/record_500,2564,7,0.27301092043681746
/record_501,1374,17,1.2372634643377
/record_502,1355,24,1.7712177121771218
/record_503,2489,5,0.2008838891120932
/record_504,2099,31,1.4768937589328253
/record_505,2630,8,0.3041825095057034
/record_506,1809,31,1.7136539524599224
/record_508,1977,16,0.8093070308548306
/record_509,2170,2,0.09216589861751152
/record_51,2218,60,2.7051397655545535
/record_510,1747,56,3.205495134516314
/record_511,3258,35,1.074278698588091
/record_512,3660,39,1.0655737704918031
/record_513,3767,77,2.0440668967348024
/record_514,5083,10,0.19673421207948064
/record_515,4340,14,0.3225806451612903
/record_516,3416,7,0.20491803278688525
/record_517,1157,30,2.592912705272256
/record_518,894,8,0.8948545861297539
/record_519,1688,79,4.680094786729858
/record_52,3768,24,0.6369426751592357
/record_520,1318,79,5.993930197268589
/record_521,3079,81,2.6307242611237416
/record_522,3187,9,0.2823972387825541
/record_523,1461,29,1.9849418206707734
/record_524,1023,61,5.962854349951124
/record_525,225,19,8.444444444444445
/record_526,109,0,0.0
/record_527,1452,30,2.066115702479339
/record_528,1865,66,3.53887399463807
/record_529,2160,25,1.1574074074074074
/record_53,3474,23,0.6620610247553252
/record_530,2197,4,0.18206645425580337
/record_531,2077,17,0.8184882041405874
/record_532,3589,91,2.535525215937587
/record_533,3848,95,2.4688149688149688
/record_534,2001,44,2.1989005497251375
/record_535,2965,23,0.775716694772344
/record_536,2153,3,0.13934045517882027
/record_537,2627,22,0.8374571754853445
/record_538,1140,14,1.2280701754385965
/record_539,2181,2,0.09170105456212746
/record_54,4003,42,1.0492130901823633
/record_540,2740,51,1.8613138686131385
/record_541,3168,9,0.2840909090909091
/record_542,4626,51,1.1024643320363166
/record_543,4974,36,0.7237635705669482
/record_544,2552,9,0.35266457680250785
/record_545,2440,9,0.36885245901639346
/record_546,3234,32,0.9894867037724181
/record_547,3321,25,0.7527853056308341
/record_548,3768,42,1.1146496815286624
/record_549,3381,111,3.2830523513753325
/record_55,4167,36,0.8639308855291578
/record_550,1276,35,2.74294670846395
/record_551,1787,25,1.3989927252378287
/record_552,1823,85,4.6626439934174435
/record_553,2905,37,1.2736660929432015
/record_554,3381,69,2.0408163265306123
/record_555,1448,1,0.06906077348066297
/record_556,1958,3,0.15321756894790603
/record_557,1778,2,0.11248593925759282
/record_558,3601,1,0.027770063871146906
/record_559,3680,23,0.625
/record_56,3498,20,0.5717552887364208
/record_560,3563,22,0.6174571989896155
/record_561,4089,3,0.07336757153338225
/record_562,3779,42,1.1114051336332362
/record_563,3362,111,3.301606186793575
/record_564,841,15,1.78359096313912
/record_565,3804,8,0.2103049421661409
/record_566,875,21,2.4
/record_567,2797,14,0.5005362888809438
/record_568,6515,73,1.1204911742133539
/record_569,2618,44,1.680672268907563
/record_57,3398,46,1.353737492642731
/record_570,3609,43,1.1914657799944584
/record_571,1226,0,0.0
/record_572,2645,7,0.26465028355387527
/record_573,3408,107,3.1396713615023475
/record_574,1261,11,0.8723235527359239
/record_575,1137,5,0.43975373790677225
/record_576,2967,12,0.40444893832153694
/record_577,3253,90,2.766676913618199
/record_578,3436,22,0.6402793946449359
/record_579,2980,92,3.087248322147651
/record_58,2460,2,0.08130081300813008
/record_580,2265,10,0.44150110375275936
/record_581,3159,47,1.48781259892371
/record_582,2535,4,0.15779092702169625
/record_583,2296,20,0.8710801393728222
/record_584,2218,33,1.4878268710550047
/record_585,568,17,2.992957746478873
/record_586,1276,35,2.74294670846395
/record_587,1793,17,0.9481316229782488
/record_588,2082,56,2.689721421709894
/record_589,3634,95,2.6141992294991745
/record_59,2872,1,0.034818941504178275
/record_590,3569,57,1.5970860184925748
/record_591,1804,41,2.272727272727273
/record_592,1285,40,3.11284046692607
/record_593,2254,57,2.528837622005324
/record_594,2629,84,3.195131228604032
/record_595,3004,24,0.7989347536617843
/record_596,4292,140,3.2618825722273996
/record_597,2356,4,0.1697792869269949
/record_598,1917,59,3.077725612936881
/record_599,3651,42,1.1503697617091209
/record_60,2171,6,0.2763703362505758
/record_600,4192,68,1.6221374045801527
/record_601,2760,39,1.4130434782608696
/record_602,2457,15,0.6105006105006106
/record_603,1709,10,0.5851375073142189
/record_604,2862,41,1.43256464011181
/record_606,1439,31,2.1542738012508686
/record_607,4658,22,0.47230571060541005
/record_608,2338,82,3.507271171941831
/record_609,2066,6,0.29041626331074544
/record_61,2215,104,4.695259593679458
/record_610,1786,67,3.7513997760358344
/record_611,2959,28,0.9462656302805001
/record_612,2427,0,0.0
/record_613,2523,8,0.3170828378913991
/record_614,2732,1,0.036603221083455345
/record_615,3213,103,3.2057267351384997
/record_616,3297,57,1.7288444040036397
/record_617,1207,17,1.4084507042253522
/record_618,2065,0,0.0
/record_619,2747,16,0.5824535857298871
/record_62,1807,0,0.0
/record_620,3093,53,1.713546718396379
/record_621,107,0,0.0
/record_622,1197,6,0.5012531328320802
/record_623,2706,4,0.14781966001478197
/record_624,2768,0,0.0
/record_625,3849,13,0.33775006495193555
/record_626,3249,73,2.2468451831332716
/record_627,1686,22,1.3048635824436536
/record_628,2019,44,2.1792966815255075
/record_629,2056,55,2.6750972762645913
/record_63,3700,10,0.2702702702702703
/record_630,2075,3,0.14457831325301204
/record_631,2065,0,0.0
/record_632,3261,31,0.9506286415210058
/record_633,2754,10,0.36310820624546114
/record_634,5818,78,1.340666895840495
/record_635,2312,45,1.9463667820069204
/record_636,1269,0,0.0
/record_637,1951,7,0.35879036391594055
/record_638,2720,14,0.5147058823529411
/record_639,3530,63,1.7847025495750706
/record_64,4063,2,0.04922471080482402
/record_640,3101,27,0.8706868752015479
/record_641,1057,46,4.351939451277199
/record_642,1313,21,1.5993907083015995
/record_643,2914,20,0.6863417982155113
/record_644,3498,41,1.1720983419096627
/record_646,2435,58,2.381930184804928
/record_647,2107,23,1.0915994304698624
/record_648,2072,1,0.04826254826254826
/record_649,1286,10,0.7776049766718507
/record_65,3450,0,0.0
/record_650,1814,0,0.0
/record_651,1612,1,0.062034739454094295
/record_652,1435,3,0.20905923344947736
/record_653,1194,100,8.375209380234507
/record_654,3157,90,2.8508077288565095
/record_655,818,88,10.757946210268948
/record_656,1147,6,0.5231037489102005
/record_657,1550,16,1.032258064516129
/record_658,2113,31,1.4671083767155704
/record_659,2005,43,2.144638403990025
/record_66,1402,50,3.566333808844508
/record_660,2325,8,0.34408602150537637
/record_661,2052,9,0.43859649122807015
/record_662,3754,183,4.87480021310602
/record_663,3944,57,1.445233265720081
/record_664,4548,19,0.4177660510114336
/record_665,3346,5,0.14943215780035865
/record_666,4838,106,2.190988011575031
/record_667,2468,9,0.3646677471636953
/record_668,1160,29,2.5
/record_669,1096,40,3.64963503649635
/record_67,1106,29,2.6220614828209765
/record_670,2189,61,2.7866605756052993
/record_671,2614,21,0.8033664881407804
/record_672,2148,27,1.2569832402234637
/record_673,2214,24,1.084010840108401
/record_674,1884,10,0.5307855626326964
/record_675,2013,47,2.334823646299056
/record_676,3373,10,0.29647198339756897
/record_677,4785,18,0.3761755485893417
/record_678,424,20,4.716981132075472
/record_679,1903,27,1.418812401471361
/record_68,2742,9,0.3282275711159737
/record_680,3885,24,0.6177606177606177
/record_681,3638,17,0.46728971962616817
/record_682,3633,42,1.1560693641618496
/record_683,807,3,0.37174721189591076
/record_684,3315,29,0.8748114630467572
/record_685,4201,7,0.16662699357295882
/record_686,3804,91,2.392218717139853
/record_687,3716,11,0.2960172228202368
/record_688,2154,11,0.510677808727948
/record_689,702,49,6.98005698005698
/record_69,2412,16,0.6633499170812603
/record_690,1648,23,1.3956310679611652
/record_691,1628,60,3.6855036855036856
/record_692,1699,85,5.002942907592701
/record_693,1109,80,7.21370604147881
/record_694,4362,5,0.11462631820265932
/record_695,3862,29,0.7509062661833248
/record_696,2668,4,0.14992503748125938
/record_697,3825,77,2.0130718954248366
/record_698,1705,4,0.23460410557184752
/record_699,2602,61,2.3443504996156803
/record_70,1359,10,0.7358351729212657
/record_700,1956,2,0.10224948875255625
/record_701,2076,1,0.04816955684007707
/record_703,1752,6,0.3424657534246575
/record_704,1532,1,0.06527415143603134
/record_705,1447,0,0.0
/record_706,1217,0,0.0
/record_707,1125,0,0.0
/record_708,1721,2,0.11621150493898895
/record_709,1766,0,0.0
/record_71,1371,47,3.4281546316557256
/record_710,1725,1,0.057971014492753624
/record_711,1748,0,0.0
/record_712,3826,0,0.0
/record_713,4187,0,0.0
/record_714,1702,0,0.0
/record_715,1716,0,0.0
/record_716,2558,1,0.039093041438623924
/record_717,2344,58,2.474402730375427
/record_718,1165,1,0.08583690987124463
/record_719,2816,0,0.0
/record_72,2892,39,1.3485477178423237
/record_720,3331,0,0.0
/record_721,4225,0,0.0
/record_722,2661,2,0.0751597143930853
/record_723,3325,44,1.3233082706766919
/record_724,1958,3,0.15321756894790603
/record_725,1903,0,0.0
/record_726,7874,26,0.3302006604013208
/record_727,4131,0,0.0
/record_728,2036,14,0.68762278978389
/record_729,2501,26,1.0395841663334666
/record_73,3940,22,0.5583756345177665
/record_730,2514,9,0.35799522673031026
/record_731,2448,38,1.5522875816993464
/record_732,1756,21,1.1958997722095672
/record_733,1794,21,1.1705685618729096
/record_734,1290,38,2.945736434108527
/record_735,2331,30,1.287001287001287
/record_736,2250,21,0.9333333333333335
/record_737,2200,4,0.18181818181818182
/record_738,1087,4,0.36798528058877644
/record_739,1356,1,0.07374631268436578
/record_74,3380,131,3.8757396449704142
/record_740,2455,0,0.0
/record_741,1957,3,0.1532958610117527
/record_742,2233,12,0.5373936408419167
/record_743,3005,9,0.2995008319467554
/record_744,3182,43,1.3513513513513513
/record_745,2410,10,0.4149377593360996
/record_746,3198,7,0.2188868042526579
/record_747,1082,10,0.9242144177449169
/record_748,3358,3,0.08933889219773675
/record_749,2098,0,0.0
/record_75,4229,26,0.6148025537952234
/record_750,3111,32,1.0286081645773062
/record_751,1550,3,0.1935483870967742
/record_752,1460,17,1.1643835616438356
/record_753,3260,43,1.3190184049079754
/record_754,2467,0,0.0
/record_755,3539,0,0.0
/record_756,890,16,1.7977528089887642
/record_757,860,5,0.5813953488372093
/record_758,2830,29,1.0247349823321554
/record_759,2092,33,1.577437858508604
/record_76,4020,138,3.4328358208955225
/record_760,2089,0,0.0
/record_761,2238,31,1.3851653261840928
/record_762,2431,4,0.16454134101192924
/record_763,1757,5,0.28457598178713717
/record_764,1579,17,1.0766307789740341
/record_765,1788,7,0.39149888143176736
/record_766,2313,61,2.637267617812365
/record_767,3089,18,0.5827128520556815
/record_768,3273,15,0.458295142071494
/record_769,896,2,0.2232142857142857
/record_77,2625,10,0.38095238095238093
/record_770,1844,1,0.05422993492407809
/record_771,1337,6,0.44876589379207177
/record_772,1078,65,6.029684601113173
/record_773,2145,5,0.2331002331002331
/record_774,2635,16,0.6072106261859582
/record_775,1978,7,0.3538928210313448
/record_776,2339,43,1.838392475416845
/record_777,3010,34,1.1295681063122924
/record_778,3112,93,2.988431876606684
/record_779,1701,1,0.058788947677836566
/record_78,2122,20,0.9425070688030159
/record_780,1863,2,0.10735373054213634
/record_781,956,0,0.0
/record_782,3975,44,1.1069182389937107
/record_783,3702,0,0.0
/record_784,4227,45,1.0645848119233499
/record_785,3151,2,0.06347191367819739
/record_786,665,0,0.0
/record_787,2019,5,0.24764735017335313
/record_788,1765,0,0.0
/record_789,1792,5,0.27901785714285715
/record_79,2159,68,3.149606299212598
/record_790,2024,123,6.0770750988142295
/record_791,1952,5,0.25614754098360654
/record_792,1936,0,0.0
/record_793,1747,2,0.11448196908986834
/record_794,1968,9,0.45731707317073167
/record_795,2679,0,0.0
/record_796,3327,0,0.0
/record_797,2229,5,0.22431583669807087
/record_798,1790,33,1.8435754189944136
/record_799,1744,2,0.11467889908256881
/record_80,952,29,3.046218487394958
/record_800,1376,14,1.0174418604651163
/record_801,2448,11,0.44934640522875813
/record_802,1854,0,0.0
/record_803,1676,18,1.0739856801909307
/record_804,1383,12,0.8676789587852495
/record_805,2846,22,0.7730147575544624
/record_806,4602,10,0.21729682746631898
/record_807,1145,18,1.572052401746725
/record_808,1091,101,9.25756186984418
/record_809,1564,33,2.1099744245524295
/record_81,2515,13,0.5168986083499005
/record_811,2711,1,0.03688675765400221
/record_812,3526,23,0.6522972206466251
/record_813,1326,2,0.1508295625942685
/record_814,545,0,0.0
/record_815,1069,0,0.0
/record_816,1134,0,0.0
/record_817,1958,2,0.10214504596527069
/record_818,2214,38,1.7163504968383017
/record_819,2663,2,0.07510326699211416
/record_82,1381,3,0.2172338884866039
/record_820,2510,7,0.27888446215139445
/record_821,1273,5,0.3927729772191673
/record_822,1277,2,0.15661707126076743
/record_823,1652,5,0.3026634382566586
/record_824,2525,0,0.0
/record_825,1955,7,0.35805626598465473
/record_826,1509,25,1.656726308813784
/record_827,3059,14,0.4576659038901602
/record_828,3157,0,0.0
/record_829,1911,27,1.4128728414442702
/record_83,684,58,8.47953216374269
/record_830,1792,64,3.571428571428571
/record_831,1983,8,0.4034291477559254
/record_832,1423,2,0.14054813773717498
/record_833,1865,35,1.876675603217158
/record_834,1835,1,0.05449591280653951
/record_835,2662,19,0.7137490608564989
/record_836,2246,20,0.8904719501335707
/record_837,3052,18,0.5897771952817824
/record_838,3265,0,0.0
/record_839,829,14,1.6887816646562124
/record_84,1041,4,0.38424591738712777
/record_840,927,0,0.0
/record_841,1107,4,0.36133694670280037
/record_842,1278,8,0.6259780907668232
/record_843,800,13,1.625
/record_844,1572,2,0.1272264631043257
/record_845,1772,55,3.1038374717832955
/record_846,2107,12,0.5695301376364499
/record_847,3645,11,0.30178326474622774
/record_848,3602,11,0.3053858967240422
/record_849,1966,42,2.136317395727365
/record_85,1004,0,0.0
/record_850,1682,40,2.3781212841854935
/record_851,2393,43,1.7969076473046384
/record_852,2154,61,2.8319405756731664
/record_853,1401,13,0.9279086366880799
/record_854,1691,88,5.2040212891780016
/record_855,2856,25,0.8753501400560224
/record_856,3229,72,2.2297925054196344
/record_857,2673,10,0.3741114852225963
/record_858,2986,46,1.5405224380442064
/record_859,2846,23,0.8081517919887562
/record_86,1918,0,0.0
/record_860,2523,11,0.43598890210067376
/record_861,3886,14,0.3602676273803397
/record_862,3685,20,0.5427408412483039
/record_863,3819,5,0.13092432573972246
/record_864,4274,70,1.6378100140383716
/record_865,2405,6,0.2494802494802495
/record_866,3319,8,0.24103645676408555
/record_867,2956,22,0.7442489851150204
/record_868,2871,24,0.8359456635318705
/record_869,3459,24,0.6938421509106678
/record_87,1770,1,0.05649717514124294
/record_870,3012,36,1.1952191235059761
/record_871,4326,109,2.519648636153491
/record_872,4451,25,0.5616715344866322
/record_873,3414,0,0.0
/record_874,4107,0,0.0
/record_875,2841,2,0.0703977472720873
/record_876,2306,19,0.823937554206418
/record_877,2850,7,0.2456140350877193
/record_878,2339,5,0.21376656690893547
/record_879,1520,6,0.39473684210526316
/record_88,869,0,0.0
/record_880,1964,28,1.4256619144602851
/record_881,2016,12,0.5952380952380952
/record_882,1679,73,4.3478260869565215
/record_883,1266,19,1.5007898894154819
/record_884,1137,21,1.8469656992084433
/record_885,2624,27,1.0289634146341464
/record_886,1840,1,0.05434782608695652
/record_887,1885,13,0.6896551724137931
/record_888,1692,32,1.8912529550827424
/record_889,1467,15,1.0224948875255624
/record_89,1013,0,0.0
/record_890,1362,0,0.0
/record_891,980,11,1.1224489795918366
/record_892,2133,0,0.0
/record_893,2856,24,0.8403361344537815
/record_894,2442,0,0.0
/record_895,2621,78,2.975963372758489
/record_896,2321,1,0.043084877208099955
/record_897,1570,0,0.0
/record_898,2136,3,0.1404494382022472
/record_899,1200,22,1.8333333333333333
/record_90,2441,2,0.0819336337566571
/record_900,1093,3,0.2744739249771272
/record_901,2560,4,0.15625
/record_902,5230,0,0.0
/record_904,3182,30,0.9428032683846637
/record_905,2721,63,2.3153252480705624
/record_906,2125,0,0.0
/record_907,847,16,1.8890200708382525
/record_908,2927,6,0.20498804236419543
/record_91,3475,7,0.2014388489208633
/record_910,1203,32,2.660016625103907
/record_911,2953,23,0.7788689468337284
/record_912,3357,2,0.05957700327673518
/record_913,1621,43,2.652683528685996
/record_914,2290,45,1.9650655021834063
/record_915,1238,39,3.150242326332795
/record_916,1114,7,0.6283662477558348
/record_917,3132,22,0.70242656449553
/record_918,3793,8,0.21091484313208544
/record_919,2945,131,4.448217317487266
/record_92,1313,0,0.0
/record_920,3220,2,0.062111801242236024
/record_921,749,36,4.806408544726302
/record_922,1229,23,1.8714401952807163
/record_923,1234,6,0.48622366288492713
/record_924,1110,54,4.864864864864865
/record_925,1428,23,1.610644257703081
/record_926,731,7,0.957592339261286
/record_927,1319,0,0.0
/record_929,853,15,1.7584994138335288
/record_93,1392,0,0.0
/record_930,1164,19,1.632302405498282
/record_931,2826,12,0.42462845010615713
/record_932,3598,2,0.055586436909394105
/record_933,2102,8,0.3805899143672693
/record_934,2161,26,1.203146691346599
/record_935,3431,16,0.4663363450888954
/record_936,3215,49,1.5241057542768273
/record_937,2468,5,0.2025931928687196
/record_938,3109,8,0.2573174654229656
/record_939,1824,18,0.9868421052631579
/record_94,1319,0,0.0
/record_940,4226,0,0.0
/record_941,2987,0,0.0
/record_942,3026,17,0.5617977528089888
/record_943,1091,7,0.6416131989000917
/record_944,6403,3,0.046853037638606904
/record_945,2698,5,0.18532246108228317
/record_946,3620,1,0.027624309392265196
/record_947,796,7,0.8793969849246231
/record_948,2292,70,3.054101221640489
/record_949,791,13,1.643489254108723
/record_95,1212,1,0.08250825082508251
/record_950,1808,50,2.765486725663717
/record_951,2963,31,1.0462369220384746
/record_952,2318,0,0.0
/record_953,2361,47,1.9906819144430326
/record_954,1879,0,0.0
/record_955,1865,2,0.10723860589812334
/record_956,1647,0,0.0
/record_957,1752,3,0.17123287671232876
/record_958,2408,0,0.0
/record_959,2805,42,1.4973262032085561
/record_96,2496,0,0.0
/record_960,625,0,0.0
/record_961,694,9,1.2968299711815563
/record_963,2562,29,1.1319281811085091
/record_964,2947,20,0.6786562606040041
/record_965,2636,68,2.579666160849772
/record_966,3318,13,0.39180229053646776
/record_967,2667,2,0.07499062617172854
/record_968,3021,37,1.2247600132406489
/record_969,3868,17,0.43950361944157185
/record_97,2941,0,0.0
/record_970,4463,3,0.06721935917544253
/record_971,1756,8,0.45558086560364464
/record_972,1371,1,0.07293946024799416
/record_973,1286,31,2.410575427682737
/record_974,969,29,2.9927760577915374
/record_975,2297,2,0.087070091423596
/record_976,2032,53,2.608267716535433
/record_977,3020,2,0.06622516556291391
/record_978,3087,19,0.6154842889536767
/record_979,3435,16,0.46579330422125187
/record_98,2101,7,0.333174678724417
/record_980,910,0,0.0
/record_981,3749,1,0.026673779674579887
/record_982,3772,5,0.1325556733828208
/record_983,1911,3,0.15698587127158556
/record_984,1729,6,0.3470213996529786
/record_985,2402,1,0.041631973355537054
/record_986,2405,1,0.04158004158004158
/record_987,2565,51,1.9883040935672516
/record_988,2578,51,1.978277734678045
/record_989,3152,3,0.0951776649746193
/record_99,2352,1,0.04251700680272109
/record_990,3743,0,0.0
/record_991,614,9,1.4657980456026058
/record_993,2562,29,1.1319281811085091
/record_994,3050,20,0.6557377049180327
/record_995,2660,2,0.07518796992481204
/record_996,3034,37,1.2195121951219512
/record_997,2645,9,0.3402646502835539
/record_998,2859,12,0.4197271773347324
/record_999,1632,0,0.0
