vol,duree_montee_s,altitude_debut_ft,altitude_fin_ft,effort_total_lb
0,1548,278.19843288,39406.808017452,3315.996746602079
1,2844,579.5800685,39100.789741283996,5088.501199113067
2,2339,129.825935344,40575.241435548,4287.4839432900335
3,2400,255.01523014,41729.764932,4249.140150671183
4,1152,-13.909921644,33611.007332452,2512.027468831458
5,1183,-18.546562192,32456.483836,2600.724115224879
10,872,32.456483836,40575.241435548,2016.7340253325342
11,2582,41.729764932,40565.968154452,4379.600747194683
12,1678,862.415141928,35929.327606451996,3307.022744293411
13,1617,74.186248768,34779.440750548,3235.4533609892965
14,2766,199.375543564,41720.491650904,4755.8156665632105
15,4258,125.189294796,39406.808017452,6728.678530012616
16,4599,574.943427952,40570.604795,6740.426446136689
17,1949,176.19234082399998,35933.964246999996,3767.2854471187375
18,2584,148.372497536,37088.487743452,4551.612286149641
19,1163,111.279373152,33615.643973,2526.875429202162
20,1324,60.276327124,34779.440750548,2771.5984096871866
21,1471,55.639686576,40561.331513904,2980.3760401711925
22,1379,139.09921644,39406.808017452,2839.0532544512266
23,2016,162.28241918,40570.604795,3776.0271867955735
24,2259,-13.909921644,40565.968154452,4158.284544891714
25,2043,166.919059728,39406.808017452,3761.4873053562105
26,3211,227.19538685199998,40561.331513904,5355.291536488803
27,972,139.09921644,34746.984266712,2434.9656158295074
28,2325,208.64882466,37093.124384,3988.180447757762
29,983,273.561792332,38252.284521,2339.5658458127423
30,1974,129.825935344,40575.241435548,3762.072173952431
31,2054,88.09617041199999,37079.214462356,3842.124558768386
32,1370,301.38163562,35929.327606451996,2857.766642663615
33,1368,-51.003046028,34760.894188356,2811.58248192877
34,1958,213.285465208,39425.354579644,3625.6269035009427
35,1966,213.285465208,38247.647880452,3722.0195060112906
36,1175,157.645778632,39420.717939096,2678.558572421836
37,1167,-32.456483836,33620.280613548,2572.330309341721
38,304,0.0,14679.603974968,964.1426431020888
39,2463,347.74804109999997,39406.808017452,4477.2389031969815
40,3636,1024.697561108,38247.647880452,5904.602288238613
41,1038,-37.093124384,35586.2162059,2524.428849251308
42,2742,250.378589592,39397.534736356,4671.001296078031
43,1855,106.642732604,40575.241435548,3536.323726711441
44,1948,231.8320274,39411.444658,3635.86812110142
45,1179,-18.546562192,32896.96468806,2683.675570922098
46,1489,-27.819843288,35924.690965904,2896.2692884814396
47,1112,51.003046028,32451.847195452,2377.753192099271
48,595,-27.819843288,23211.022583288,1610.400780125329
49,630,-27.819843288,24708.657480292,1696.0731985716288
50,2131,222.558746304,41725.128291452,3869.9804299550215
51,2141,222.558746304,41729.764932,3881.291499781918
52,3579,139.09921644,40570.604795,5885.470105228931
53,3546,231.8320274,39411.444658,5573.60035891121
54,1694,129.825935344,39416.081298548,3409.323000998912
55,2084,463.6640548,40570.604795,3940.228443467676
56,2111,157.645778632,39402.171376904,3849.8602281850576
57,1662,-18.546562192,41725.128291452,3414.507391765406
58,1701,806.775455352,33601.734051356,3205.87056298049
59,1446,190.102262468,37097.761024548,3053.6615193975485
60,1818,867.051782476,38243.011239904,3548.199206768023
61,3618,55.639686576,39402.171376904,5786.70072190061
62,5507,287.471713976,41729.764932,8162.019368382282
63,2841,176.19234082399998,40565.968154452,5040.23509872501
64,1577,357.02132219599997,41715.855010356,3422.1022594829865
65,2251,190.102262468,38243.011239904,3963.304277485203
66,1278,74.186248768,35920.054325356,2747.183154378315
67,2633,227.19538685199998,39406.808017452,4440.275448602543
68,329,88.09617041199999,15991.773250052,1021.1998239333288
69,611,171.555700276,24017.79803864,1601.6482095485635
70,1367,0.0,30128.890280904,2701.1542365424666
71,808,-32.456483836,30008.337626656,2102.325813746022
72,3015,32.456483836,39406.808017452,4893.504083639998
73,807,97.369451508,36175.069555496,2172.98179115604
74,711,-41.729764932,25492.249732903998,1843.1857020208422
75,2157,162.28241918,38247.647880452,3669.2393272190757
76,2524,282.835073428,40556.694873356,4420.037310366675
77,2476,120.552654248,41729.764932,4345.635045014204
78,2961,74.186248768,38270.831083192,4730.639841392587
79,1186,27.819843288,35929.327606451996,2673.320027155692
80,2747,148.372497536,41720.491650904,4957.738540824851
81,1143,41.729764932,34765.530828904,2543.124185963813
82,2024,102.006092056,40565.968154452,4029.3186125585535
83,2469,194.738903016,39406.808017452,4250.859856893401
84,2096,171.555700276,35910.78104426,3881.8198070118365
85,2001,18.546562192,37093.124384,3761.5655285223725
86,2167,-27.819843288,35929.327606451996,4089.3603080371704
87,2865,148.372497536,34770.167469452,5114.619312577599
88,839,199.375543564,35535.213159872,2263.530521437491
89,2793,217.922105756,35933.964246999996,4727.338823780588
90,3616,1052.517404396,40584.514716644,6020.423118356731
91,3541,-37.093124384,40552.058232808,5926.723799628975
92,2206,282.835073428,40570.604795,4166.46307777219
93,2402,111.279373152,39411.444658,4326.149052606807
94,2570,208.64882466,40561.331513904,4596.737425557998
95,3042,222.558746304,39411.444658,5011.8906336082
96,2565,-18.546562192,40565.968154452,4594.389527139839
97,2066,125.189294796,41725.128291452,3837.5707670644842
98,3463,273.561792332,38261.557802096,5564.270140338176
99,802,153.009138084,31770.261034896,2009.2558906475322
100,2217,185.46562192,39411.444658,3937.9551579157005
101,2901,-27.819843288,40589.151357192,5172.195173172153
102,3187,143.735856988,39443.901141836,5248.2954829469845
103,4561,319.928197812,37088.487743452,7323.93034896551
104,4536,2244.134025232,38243.011239904,7293.585777661627
105,1935,310.654916716,39402.171376904,3689.4822791882457
106,1695,208.64882466,38261.557802096,3297.236424489993
107,2518,213.285465208,40589.151357192,4646.625754068904
108,3235,162.28241918,40565.968154452,5577.964008149673
109,2334,236.468667948,40565.968154452,4222.322842444502
110,2356,250.378589592,41739.038213096,4164.033345887893
111,2536,255.01523014,39406.808017452,4474.663555880294
112,2476,236.468667948,38256.921161548,4309.926771378318
113,2716,171.555700276,39411.444658,4616.448459997272
114,3072,259.651870688,39416.081298548,5294.155920117255
115,3357,296.744995072,41729.764932,5609.838143210338
116,3461,1020.06092056,40570.604795,5676.8176318107835
117,2380,185.46562192,40570.604795,4216.5234972486505
118,3270,380.204524936,39411.444658,5494.830834020295
119,627,190.102262468,29632.769742268,1843.4877637855566
120,1787,60.276327124,38252.284521,3340.4144087776012
121,2981,106.642732604,38247.647880452,5185.981705349717
122,699,839.231939188,31255.593934067998,1923.5281142682566
123,3531,92.73281096,41720.491650904,5549.414959367519
124,2100,92.73281096,38247.647880452,4015.0495036174407
125,2606,157.645778632,39406.808017452,4568.1149673429845
126,2105,282.835073428,40565.968154452,3947.254087222269
127,2465,236.468667948,39406.808017452,4099.472758271814
128,2586,231.8320274,38270.831083192,4708.471396102528
129,2995,97.369451508,39411.444658,4931.72031232634
130,2508,-37.093124384,40589.151357192,4299.900968343116
131,2826,273.561792332,41734.401572548,4876.872635080819
133,1672,176.19234082399998,40575.241435548,3487.757971425321
134,1069,106.642732604,37093.124384,2337.3912417934635
136,2399,204.012184112,39411.444658,3924.1686257381366
137,1723,139.09921644,39411.444658,3395.735035320064
138,1993,663.039598364,38247.647880452,3838.5094450584174
139,2371,213.285465208,41725.128291452,4356.091677179955
140,2327,607.3999117879999,40561.331513904,4173.101215995954
141,1777,282.835073428,39416.081298548,3545.956007049188
142,1734,282.835073428,40565.968154452,3501.0354513061757
143,1942,217.922105756,39411.444658,3669.03233668708
144,3925,23.18320274,40565.968154452,6297.051523168885
145,2383,148.372497536,40565.968154452,3707.799737836526
146,1731,241.105308496,38252.284521,3421.890455217689
148,2126,-27.819843288,40561.331513904,3979.8899955780103
149,1991,310.654916716,41734.401572548,3732.500206843554
150,3499,343.111400552,38229.10131826,5937.610057491951
151,3360,241.105308496,39425.354579644,5570.662778163527
152,2024,282.835073428,38247.647880452,3868.413559765148
153,1861,74.186248768,37093.124384,3556.648512146749
154,2303,102.006092056,38261.557802096,4089.3482737039158
155,2700,157.645778632,38247.647880452,4797.5062072604305
157,1264,60.276327124,31292.687058452,2712.714417067753
158,1481,92.73281096,32451.847195452,2923.24906020707
159,1401,-46.36640548,33611.007332452,2914.0223369000355
160,2248,32.456483836,39411.444658,4072.3100646806997
161,2266,-13.909921644,35929.327606451996,4096.919072754985
162,1796,27.819843288,37093.124384,3323.5446804199637
163,2723,-13.909921644,40575.241435548,4797.379846761247
164,2303,370.93124384,41725.128291452,4174.960520483938
165,2329,9.273281096,39402.171376904,4317.303817663974
166,3156,78.822889316,41729.764932,5226.541018720916
167,1917,876.325063572,38261.557802096,3610.2638736669
168,1941,-13.909921644,38261.557802096,3722.765634673135
170,1333,250.378589592,40565.968154452,3005.1908353441477
171,2643,83.459529864,39397.534736356,4642.5064017955265
172,1323,-23.18320274,33611.007332452,2792.7427332171974
173,371,102.006092056,18722.754532824,1182.8040714888823
174,1085,78.822889316,33620.280613548,2460.420637531659
175,1107,148.372497536,32456.483836,2458.499957944072
176,2304,-37.093124384,38252.284521,4079.0035608374396
177,2848,514.667100828,38256.921161548,4944.723409408968
178,2234,176.19234082399998,41725.128291452,4077.608781613121
179,2084,241.105308496,38252.284521,4014.4778727878024
180,2068,273.561792332,40575.241435548,3848.335478161579
181,2606,78.822889316,39420.717939096,4308.470617054397
182,1553,217.922105756,40561.331513904,3439.9227001678128
183,3348,208.64882466,38247.647880452,5740.514154299113
184,2763,264.288511236,38247.647880452,4707.030886411839
185,2685,296.744995072,39411.444658,4809.177103651668
186,2906,315.291557264,39406.808017452,5064.00892407136
187,244,83.459529864,12069.175346443999,800.7416695914811
188,2857,41.729764932,38247.647880452,4655.314542679414
189,1258,74.186248768,34770.167469452,2536.425876073771
190,1465,-51.003046028,35924.690965904,3121.6627228913912
191,1013,74.186248768,34779.440750548,2388.882543494009
192,2648,245.741949044,38256.921161548,4632.573263126391
193,2866,357.02132219599997,39406.808017452,4907.349584050515
194,1326,153.009138084,38247.647880452,2850.0863311799203
195,1293,125.189294796,37093.124384,2757.3545728459108
196,1714,92.73281096,39406.808017452,3414.819080996724
197,1492,880.96170412,40565.968154452,3066.6898885800133
198,2892,292.108354524,41701.945088712,4984.904844715942
199,2439,417.29764932,39411.444658,4444.533195708358
200,2911,236.468667948,40570.604795,4853.189067233887
201,994,-41.729764932,33671.283659576,2390.302594818164
202,1721,88.09617041199999,37093.124384,3493.169811090345
203,1869,115.9160137,35933.964246999996,3699.027912326552
204,2166,259.651870688,39411.444658,4053.8686523998863
205,1230,301.38163562,38256.921161548,2809.2502281438437
206,3095,296.744995072,39416.081298548,5312.313322133238
207,2318,13.909921644,40565.968154452,4248.422904409151
208,3032,264.288511236,39443.901141836,5091.299181594984
209,1202,204.012184112,38256.921161548,2744.64752036137
210,1518,-55.639686576,40565.968154452,3077.7037103754974
211,915,102.006092056,34756.257547807996,2271.9389100831477
212,1506,213.285465208,38252.284521,3137.0486179586187
213,1139,46.36640548,37102.397665095996,2601.579756319349
214,2073,306.018276168,38233.737958808,3971.2493443005214
215,2434,273.561792332,39411.444658,4216.636619981252
216,3464,292.108354524,41715.855010356,5932.453345691945
217,3338,268.925151784,42861.105225712,5567.781758782148
218,7095,287.471713976,9676.668823676,9777.428838008575
219,2901,950.51131234,40579.878076096,4894.913304064224
220,1307,69.54960822,33615.643973,2753.5601475704343
221,1883,157.645778632,39402.171376904,3601.9192669874983
222,1372,4.636640548,27824.479928548,2776.4350082225947
223,764,-32.456483836,25584.982543864,1939.9874718618796
224,804,222.558746304,35507.393316584,2234.406231525721
225,1399,176.19234082399998,37093.124384,3092.798374577941
226,1638,880.96170412,38256.921161548,3167.466598695361
227,1021,78.822889316,33611.007332452,2413.91516009889
228,1419,111.279373152,34770.167469452,2831.2598202349286
229,3998,370.93124384,40565.968154452,6583.235188585948
230,1142,-4.636640548,37093.124384,2454.381809104021
231,2843,102.006092056,40561.331513904,4991.894385470769
232,1206,-60.276327124,38247.647880452,2712.935848799655
233,2823,185.46562192,41734.401572548,4909.071697139384
234,3462,-13.909921644,4743.283280604,5107.243469725268
235,1356,922.691469052,38247.647880452,3005.1426980111255
236,2030,296.744995072,41715.855010356,4079.671466333123
237,1217,338.474760004,42884.288428452,2958.047538248835
238,1599,-88.09617041199999,34774.80411,3347.1644663006423
239,1515,769.682330968,33615.643973,2891.0656427817376
240,2013,139.09921644,37093.124384,3774.82856720332
241,2062,843.868579736,38238.374599356,3635.36989970464
242,1202,88.09617041199999,34770.167469452,2795.9089662967344
243,368,55.639686576,20174.023024348,1152.8662606490368
244,1444,964.421233984,35929.327606451996,3105.083021965212
245,1392,102.006092056,33611.007332452,3040.073553718701
246,1441,18.546562192,27810.570006904,2873.012939465079
247,2589,-32.456483836,40575.241435548,4859.182165195153
248,2991,268.925151784,39402.171376904,5257.74123111927
249,783,129.825935344,32220.015168052,2139.0329370421177
250,1715,13.909921644,35929.327606451996,2769.355209968351
251,2638,-32.456483836,40570.604795,4781.301977531826
252,2578,250.378589592,37097.761024548,4568.572272006696
253,1034,27.819843288,33638.82717574,2512.7230532936287
254,949,245.741949044,37042.121337972,2370.839467643954
255,1110,-23.18320274,34774.80411,2543.964182425051
256,2248,296.744995072,40575.241435548,4241.551300120229
257,2352,408.024368224,39411.444658,4210.203065422832
258,2501,111.279373152,38247.647880452,4714.910967827576
259,2218,60.276327124,39402.171376904,4278.45217618174
260,1697,273.561792332,40565.968154452,3558.055325704323
261,3408,333.838119456,40570.604795,5748.820251112097
262,1771,245.741949044,38243.011239904,3636.8092059620044
263,2330,227.19538685199998,41725.128291452,4359.042495694217
264,2130,-23.18320274,38252.284521,4208.904560864557
265,4774,129.825935344,40565.968154452,7005.825614588085
266,2679,241.105308496,39402.171376904,4542.86934303948
267,2789,352.38468164799997,38256.921161548,4979.810711448866
268,2722,227.19538685199998,39392.898095808,4732.469060047432
269,1816,-41.729764932,37083.851102904,3662.626461095147
270,1818,955.147952888,38247.647880452,3614.473483439693
271,2595,194.738903016,40575.241435548,4731.216285955528
272,2649,27.819843288,37093.124384,4449.58280194239
273,895,-64.912967672,26085.739723048,2187.3736502963584
274,1808,338.474760004,39402.171376904,3658.712895920441
275,2852,231.8320274,37093.124384,4962.8567427584385
276,2327,190.102262468,38238.374599356,4252.538646382551
277,3613,301.38163562,35924.690965904,5873.903907537017
278,1646,231.8320274,38261.557802096,3407.3638115449075
279,2426,222.558746304,39402.171376904,4513.996570692751
280,7620,292.108354524,12792.491271932,10574.960950920798
281,3411,435.844211512,40575.241435548,5715.3419394284665
282,2942,97.369451508,38247.647880452,4792.167777028267
283,4216,319.928197812,39406.808017452,6576.134931965171
284,2067,134.462575892,38256.921161548,3889.4916944622537
285,1674,204.012184112,37083.851102904,3287.234690121301
286,353,176.19234082399998,12639.482133848,956.0820466875178
287,2968,213.285465208,39416.081298548,5221.026887223221
288,1875,199.375543564,37097.761024548,3772.6888627504823
289,2047,125.189294796,41729.764932,3951.1604317970223
290,1964,171.555700276,38252.284521,3647.464404626473
291,2606,227.19538685199998,38247.647880452,4819.1391247206175
292,2831,180.828981372,39416.081298548,5039.970343393388
293,2428,352.38468164799997,40565.968154452,4400.637965158719
294,1559,259.651870688,41720.491650904,3418.8638204039166
295,1001,-18.546562192,33972.665295196,2479.98364967189
296,2190,190.102262468,39406.808017452,4228.786482836061
297,2114,115.9160137,38252.284521,4036.1793859475456
298,3214,185.46562192,41720.491650904,5493.639435027995
299,1945,194.738903016,39411.444658,3614.5565203391566
300,2450,-55.639686576,40542.784951712,4444.6764042741
301,522,255.01523014,25116.681848516,1610.5584298909766
302,3805,273.561792332,40561.331513904,6058.45040801096
303,3951,125.189294796,41725.128291452,6572.28755562337
304,2781,333.838119456,41729.764932,5005.862636080493
305,3749,500.757179184,40570.604795,6127.423985631853
306,1651,194.738903016,38280.104364287996,3420.7327523585045
307,844,115.9160137,35618.672689736,2296.257890725974
308,2366,204.012184112,40579.878076096,4339.675643186052
309,4990,922.691469052,42888.925069,6996.277574583127
310,3379,445.117492608,41720.491650904,5665.141921686243
311,1343,296.744995072,40570.604795,3112.7681471822098
312,1796,-64.912967672,41725.128291452,3766.3973133244776
313,3034,129.825935344,40570.604795,5371.71479108266
314,2483,199.375543564,40565.968154452,4462.745955657317
315,2496,250.378589592,41743.674853644,4615.045256739673
316,2617,-41.729764932,40575.241435548,4800.863786238731
317,927,222.558746304,37422.325862908,2441.9732080842177
318,2484,-27.819843288,39416.081298548,4791.945141863039
319,2376,13.909921644,40565.968154452,4613.153459551901
320,2256,143.735856988,40570.604795,4156.534752836356
321,15,-23.18320274,259.651870688,51.095372136437774
322,4721,-13.909921644,39416.081298548,7447.187193602235
323,2487,338.474760004,41743.674853644,4680.96331714698
324,2072,46.36640548,39388.26145526,3657.3566265625395
325,1764,176.19234082399998,38247.647880452,3253.648069438371
326,2521,176.19234082399998,40570.604795,4467.587367926026
327,2141,120.552654248,39416.081298548,3901.1300981537015
328,2774,231.8320274,41725.128291452,4998.631205227229
329,957,523.940381924,36128.703150016,2503.2219471883673
330,1200,139.09921644,40570.604795,2762.3127181472
331,2548,180.828981372,38256.921161548,4433.566307812571
332,2546,-18.546562192,39406.808017452,4296.745566163509
333,2189,-27.819843288,39406.808017452,3985.109285910944
334,1873,157.645778632,38256.921161548,3451.9654574566475
335,2832,0.0,38256.921161548,4988.103570495268
336,3420,491.483898088,39411.444658,5305.6065882099165
337,1246,46.36640548,35933.964246999996,2744.8665452266214
338,1165,32.456483836,32456.483836,2445.331990495843
339,3199,78.822889316,40565.968154452,5118.99740301597
340,2859,64.912967672,41734.401572548,4841.140292778425
341,3803,148.372497536,38247.647880452,6243.546877514684
342,3340,310.654916716,37093.124384,5718.196483276686
343,998,222.558746304,34774.80411,2491.6689872630345
344,1792,250.378589592,38247.647880452,3535.502985183412
345,1943,148.372497536,39397.534736356,3678.096596495164
346,2857,18.546562192,40570.604795,4741.299853790359
347,2471,153.009138084,39411.444658,4279.997384571752
348,4199,0.0,39420.717939096,6867.270725516896
349,4208,616.673192884,40570.604795,6687.056585014952
350,2123,-32.456483836,39416.081298548,3885.515550754618
351,706,301.38163562,33105.613512719996,1942.318522213481
352,2291,18.546562192,38252.284521,4182.294243169873
353,3244,231.8320274,39416.081298548,5414.159884475004
354,2264,37.093124384,37074.577821808,4130.759617869608
355,1927,0.0,39416.081298548,3641.920187295639
356,2009,278.19843288,40552.058232808,3756.850476752845
357,4523,194.738903016,39402.171376904,7322.152877943665
358,4849,176.19234082399998,40570.604795,7521.505218621919
359,4482,-37.093124384,35683.585657408,7001.24294048437
360,2415,486.84725754,40575.241435548,4327.32360353255
361,1636,-13.909921644,39406.808017452,3356.308152708213
362,1391,885.598344668,38252.284521,2912.2569002114456
363,1802,120.552654248,39406.808017452,3620.281252668825
364,3508,208.64882466,40570.604795,5553.358610375364
365,2161,250.378589592,40575.241435548,4043.5275498333876
366,762,111.279373152,33648.100456836,1997.4887195902497
367,3955,-32.456483836,40556.694873356,6315.343709717329
368,4038,-32.456483836,40565.968154452,6418.973760247569
369,4158,204.012184112,39416.081298548,6596.717252132148
370,4252,204.012184112,39406.808017452,6725.917853963792
371,1695,301.38163562,40575.241435548,3413.5975961712857
372,2191,-4.636640548,39411.444658,3886.1112502507676
373,2381,0.0,38256.921161548,4125.712418502228
374,2928,97.369451508,39420.717939096,4873.410357403197
375,2750,-46.36640548,41725.128291452,4769.4950931748
376,2269,78.822889316,39406.808017452,3948.434655314639
377,1751,88.09617041199999,35929.327606451996,3235.47141248918
378,2673,69.54960822,39406.808017452,4468.409312887381
379,1889,41.729764932,37083.851102904,3629.2805270773288
380,1477,820.685376996,38261.557802096,3005.0801194781966
381,1514,-4.636640548,38243.011239904,3023.504683692452
382,2693,166.919059728,41734.401572548,4667.017931770442
383,2197,-64.912967672,38252.284521,3960.9058348673707
384,735,51.003046028,33875.295843688,1974.6752340376934
386,2341,97.369451508,35929.327606451996,4274.228125209038
387,1395,180.828981372,40556.694873356,3010.3331059442467
388,1970,46.36640548,37097.761024548,3753.331637708921
389,2438,171.555700276,41729.764932,4365.634903451611
390,2384,32.456483836,38252.284521,3862.283270404768
391,2804,199.375543564,38256.921161548,4645.705127574854
392,3015,153.009138084,39420.717939096,5016.44201844545
393,2760,153.009138084,38252.284521,4742.6284441817725
394,3298,-23.18320274,37088.487743452,4705.2016677569945
395,3665,319.928197812,41734.401572548,5963.340665425654
396,4372,1080.337247684,40570.604795,6904.080140645664
397,2485,403.387727676,40556.694873356,4318.513268156157
398,3335,-27.819843288,40570.604795,5654.161796023875
399,4167,102.006092056,39420.717939096,6519.580786264012
400,1899,23.18320274,37088.487743452,3620.2812526688244
401,2286,180.828981372,38247.647880452,3457.479588954343
402,2146,125.189294796,38256.921161548,4075.9564676571326
403,2697,27.819843288,38043.635696339996,4466.487429866469
404,2130,125.189294796,38252.284521,3915.204250896073
405,1970,51.003046028,39402.171376904,3635.4938533371724
406,1301,-4.636640548,34770.167469452,2693.289799759961
407,1344,18.546562192,37093.124384,2766.719690985384
408,3060,217.922105756,41711.218369808,5089.213631641796
409,3598,157.645778632,39411.444658,5729.663999435904
410,2980,115.9160137,40570.604795,4669.951902218147
411,1488,51.003046028,38252.284521,3119.5434768050877
412,1627,0.0,37093.124384,3111.6080374563744
413,1570,83.459529864,37093.124384,3179.543052117311
414,1785,765.04569042,35929.327606451996,3361.843946005769
415,2566,-4.636640548,38252.284521,4470.938929737698
416,2031,32.456483836,39406.808017452,3724.54069882833
417,2537,199.375543564,38252.284521,4357.9738469011245
418,2889,264.288511236,39406.808017452,4999.266618023123
419,3347,301.38163562,41725.128291452,5489.452690488387
420,2419,-4.636640548,40570.604795,4440.800145532486
421,2462,69.54960822,39327.985128136,4319.543407082833
422,684,148.372497536,31385.419869412,1931.4960463167602
423,2316,162.28241918,41711.218369808,4072.695163344878
424,2535,190.102262468,40579.878076096,4438.738664245809
425,2372,199.375543564,37093.124384,4421.420055257739
426,3681,23.18320274,41729.764932,6091.479839064158
427,4101,931.964750148,40584.514716644,6535.532294994252
428,3693,-18.546562192,38247.647880452,6069.30056287417
429,4224,204.012184112,39402.171376904,6731.6738755599235
430,3788,199.375543564,38252.284521,6177.343603409221
431,1884,4.636640548,38247.647880452,3239.11059486566
432,2011,120.552654248,41720.491650904,3664.6819252151963
433,1497,78.822889316,41739.038213096,3185.409789579394
434,2304,282.835073428,40570.604795,4236.945760783327
435,2100,60.276327124,39406.808017452,3738.9951365015777
436,1924,106.642732604,38247.647880452,3305.7386809350437
437,2811,-37.093124384,35929.327606451996,4850.8580168822855
438,956,0.0,34547.608723148,2464.3678988394813
439,1729,-4.636640548,35933.964246999996,3317.78625195718
440,1685,-64.912967672,37093.124384,3433.4361945430683
441,4161,194.738903016,39411.444658,6661.998696310234
442,2379,190.102262468,40565.968154452,4167.534133431935
443,3297,120.552654248,37102.397665095996,5531.761795914945
444,3975,153.009138084,41729.764932,6348.299731337667
445,3439,625.94647398,40570.604795,5770.395403772658
446,3530,0.0,41739.038213096,5794.111464319381
447,2939,927.3281096,38256.921161548,4817.066812534011
448,2074,74.186248768,39416.081298548,3736.4859780177944
449,2136,143.735856988,40575.241435548,3411.76597064979
450,3475,46.36640548,41734.401572548,5723.658867141381
451,3182,820.685376996,40547.42159226,5101.008481665565
452,1341,69.54960822,35933.964246999996,2828.7398308512156
453,2564,106.642732604,40575.241435548,4130.031540707647
454,1374,-9.273281096,35929.327606451996,2681.0496794057353
455,1355,653.766317268,28974.366784452,2554.181331359018
456,2489,92.73281096,39411.444658,4045.540893787042
457,2099,153.009138084,39406.808017452,3854.290066256427
458,2630,241.105308496,38252.284521,4481.21986063792
459,1809,69.54960822,35915.417684808,3225.391454954327
461,1977,-4.636640548,38256.921161548,3702.581650936918
462,2170,51.003046028,39425.354579644,3785.580040533833
463,2218,324.56483836,40570.604795,4147.216568596579
464,1747,-27.819843288,38252.284521,3479.323107246502
465,3258,245.741949044,39411.444658,5383.13055960888
466,3660,333.838119456,40570.604795,5825.685944481982
467,3767,125.189294796,39406.808017452,5772.4364266928005
468,5083,343.111400552,41734.401572548,7492.442303809753
469,4340,421.934289868,40561.331513904,6783.284317159699
470,3416,199.375543564,40565.968154452,5540.390412859178
471,1157,37.093124384,33606.370691904,2579.5773848282165
472,894,18.546562192,34774.80411,2246.038618050541
473,1688,74.186248768,37088.487743452,3219.403170726362
474,3768,268.925151784,40570.604795,6045.813154659301
475,1318,-13.909921644,35933.964246999996,2666.7252125316477
476,3079,176.19234082399998,39411.444658,4966.739018666682
477,3187,380.204524936,38256.921161548,4776.257185031096
478,1461,-37.093124384,31297.323699,2567.5911889056833
479,1023,-13.909921644,32451.847195452,2352.967279326129
480,225,143.735856988,8893.076571064,654.9421119004489
481,109,32.456483836,4210.069617584,368.9233168489855
482,1452,222.558746304,41729.764932,3000.4721732746443
483,1865,259.651870688,40565.968154452,3507.910665895075
484,2160,74.186248768,39420.717939096,3886.8561754792872
485,3474,315.291557264,40570.604795,5683.793934799029
486,2197,88.09617041199999,35929.327606451996,3827.13098296529
487,2077,259.651870688,40561.331513904,3853.8833057923903
488,3589,139.09921644,39406.808017452,5784.774025146395
489,3848,125.189294796,41715.855010356,5633.2473282590445
490,2001,120.552654248,38261.557802096,3702.6153470700333
491,2965,204.012184112,39411.444658,5013.949708028225
492,2153,-13.909921644,40561.331513904,3900.170961793233
493,2627,139.09921644,39402.171376904,4524.526612291362
494,1140,-41.729764932,38256.921161548,2686.7635808354735
495,2181,74.186248768,39411.444658,3937.424443819131
496,4003,153.009138084,39406.808017452,6158.409986898256
497,2740,166.919059728,38238.374599356,4635.887518504971
498,3168,83.459529864,39411.444658,5198.1279579045495
499,4626,227.19538685199998,41729.764932,6854.812783730746
500,4974,37.093124384,40584.514716644,7348.7463475717905
501,2552,-23.18320274,38252.284521,4357.151901939769
502,2440,23.18320274,39416.081298548,4323.665166222861
503,3234,-46.36640548,40570.604795,5340.377387285193
504,3321,180.828981372,39402.171376904,5500.456884817268
505,3768,-27.819843288,40570.604795,6132.349638233351
506,3381,64.912967672,37102.397665095996,5388.497872240858
507,4167,245.741949044,41725.128291452,6466.001527743629
508,1276,-18.546562192,40561.331513904,2441.0658193567488
509,1787,60.276327124,41734.401572548,3228.8284605321132
510,1823,-9.273281096,40565.968154452,3209.5217796902252
511,2905,64.912967672,38252.284521,4890.673608458291
512,3381,125.189294796,39406.808017452,5465.116861779003
513,1448,-4.636640548,34774.80411,2937.5061348149266
514,1958,-64.912967672,34774.80411,3467.7857919544012
515,1778,-18.546562192,35924.690965904,3231.1185941506455
516,3601,153.009138084,40565.968154452,5932.406411792249
517,3680,217.922105756,39411.444658,5861.610836116467
518,3498,969.057874532,40556.694873356,5250.822692930651
519,3563,129.825935344,38224.464677712,5959.566698516712
520,4089,468.300695348,41725.128291452,6421.40469556519
521,3779,-27.819843288,40570.604795,6146.234851943611
522,3362,64.912967672,37088.487743452,5365.645876821884
523,841,-18.546562192,32104.099154352,2242.069694942859
524,3804,1015.4242800119999,42837.922022972,6253.838639314835
525,875,-41.729764932,31635.798459004,2239.929990490021
526,2797,111.279373152,42898.198350096,4604.479112141296
527,6515,264.288511236,11698.244102604,8735.255578077462
528,2618,129.825935344,38256.921161548,4623.4139320855875
529,3398,268.925151784,41725.128291452,5664.990289087224
530,3609,-9.273281096,37097.761024548,5658.986360226027
531,1226,55.639686576,40570.604795,2855.8579974092845
532,2645,13.909921644,39323.348487588,4193.069785166897
533,3408,106.642732604,40570.604795,5450.822480738054
534,1261,-55.639686576,32456.483836,2576.3654212823085
535,1137,635.219755076,31301.960339548,2408.710310965862
536,2967,97.369451508,39411.444658,4984.057627654751
537,3253,-41.729764932,40570.604795,5425.508260734992
538,3436,111.279373152,39406.808017452,5737.767919450196
539,2980,74.186248768,38247.647880452,5074.416215470765
540,2460,561.033506308,41734.401572548,4603.583757747083
541,2265,166.919059728,39411.444658,4174.018232190027
542,3159,64.912967672,40565.968154452,5319.685554685591
543,2535,55.639686576,39416.081298548,4391.850495015513
544,2296,241.105308496,40561.331513904,4108.008710849979
545,2218,125.189294796,39406.808017452,4006.53400940581
546,568,-27.819843288,31918.633532432,1567.7847992007555
547,1276,-18.546562192,40561.331513904,2441.0658193567488
548,1793,0.0,38252.284521,3504.5579006500766
549,2082,60.276327124,39406.808017452,3707.8526889028512
550,3634,176.19234082399998,40570.604795,5819.41003968921
551,2872,157.645778632,41734.401572548,5177.020940807631
552,3569,83.459529864,39406.808017452,5704.415968265749
553,1804,-9.273281096,39411.444658,3605.8015428957397
554,1285,727.952566036,40477.87198404,2741.519797148251
555,2254,97.369451508,38252.284521,3924.9881638328397
556,2629,171.555700276,41729.764932,4497.767068864308
557,3004,-23.18320274,40565.968154452,5011.535620777161
558,4292,171.555700276,39411.444658,6840.118862825711
559,2356,143.735856988,38247.647880452,4233.011737242086
560,1917,166.919059728,41706.58172926,3711.731354511117
561,3651,255.01523014,41711.218369808,5917.962805018931
562,2171,60.276327124,37093.124384,3905.81747095674
563,4192,1001.514358368,40565.968154452,6736.662106694352
564,2760,-46.36640548,38247.647880452,4663.477430926658
565,2457,60.276327124,37093.124384,3969.7980037099005
566,1709,139.09921644,38252.284521,3369.077783725683
567,2862,106.642732604,39411.444658,4590.932063195518
569,1439,839.231939188,38256.921161548,2982.4543695244265
570,4658,-41.729764932,39406.808017452,6788.061947462154
571,2338,333.838119456,39406.808017452,4436.69403102569
572,2066,0.0,41729.764932,3776.8539454902298
573,2215,287.471713976,35933.964246999996,4211.956467778166
574,1786,83.459529864,40570.604795,3406.0544760867033
575,2959,153.009138084,38247.647880452,4933.036868384497
576,2427,83.459529864,39397.534736356,3895.0996937593427
577,2523,213.285465208,38252.284521,4229.122240733891
578,2732,199.375543564,39406.808017452,4563.7862176709605
579,3213,153.009138084,38243.011239904,5236.521091289748
580,3297,264.288511236,39416.081298548,5381.523976119263
581,1207,120.552654248,38247.647880452,2739.2994626626014
582,2065,60.276327124,37093.124384,3737.563050844167
583,2747,236.468667948,40570.604795,4740.222780963986
584,1807,310.654916716,40556.694873356,3717.690756339268
585,3093,143.735856988,39402.171376904,5167.011985838986
586,107,4.636640548,3797.408608812,353.5049290819677
587,1197,41.729764932,34774.80411,2507.328061695163
588,2706,4.636640548,38243.011239904,4555.659432423485
589,2768,157.645778632,39416.081298548,4659.060830621869
590,3849,231.8320274,39416.081298548,6141.3308611419725
591,3249,162.28241918,40565.968154452,5402.976378580616
592,1686,264.288511236,38247.647880452,3290.6728991324135
593,2019,199.375543564,39411.444658,3767.13862825302
594,2056,153.009138084,39406.808017452,3708.9851196621985
595,3700,278.19843288,40565.968154452,5845.9036243513165
596,2075,115.9160137,38247.647880452,3486.437805067187
597,2065,78.822889316,41734.401572548,3843.7311422580037
598,3261,523.940381924,40575.241435548,4965.235930443062
599,2754,162.28241918,40561.331513904,4443.393544349057
600,5818,120.552654248,39406.808017452,8881.756737397292
601,2312,208.64882466,38243.011239904,4129.304666979011
602,1269,97.369451508,39416.081298548,2751.4794113505486
603,1951,102.006092056,38252.284521,3639.2196829130917
604,2720,32.456483836,37097.761024548,4489.828019215619
605,3530,106.642732604,39411.444658,5625.619967841672
606,4063,-41.729764932,38247.647880452,6527.730436744676
607,3101,13.909921644,40575.241435548,5173.865538628024
608,1057,278.19843288,35952.510809192,2487.6471130890277
609,1313,37.093124384,34770.167469452,2720.0409191537356
610,2914,46.36640548,38247.647880452,4675.291535883636
611,3498,176.19234082399998,39397.534736356,5598.529480250092
613,2435,51.003046028,37097.761024548,4301.5869784322185
614,2107,74.186248768,38243.011239904,3736.362024385262
615,2072,194.738903016,39337.258409231996,3796.1991361985356
616,1286,46.36640548,34760.894188356,2613.8198766735745
617,3450,78.822889316,39411.444658,5106.188058698757
618,1814,806.775455352,38252.284521,3416.8396455503325
619,1612,-46.36640548,8081.664475164,2709.6601032874933
620,1435,185.46562192,38252.284521,2883.171120166093
621,1194,-46.36640548,34774.80411,2560.806231816201
622,3157,217.922105756,40565.968154452,5106.139921365735
623,818,176.19234082399998,35929.327606451996,2195.862668974828
624,1147,139.09921644,39416.081298548,2658.528628151289
625,1550,769.682330968,40570.604795,3190.3775623472875
626,2113,-23.18320274,40565.968154452,3938.3318325466
627,2005,102.006092056,39420.717939096,3778.8095246442576
628,1402,-4.636640548,33601.734051356,2862.03281380271
629,2325,83.459529864,38261.557802096,3895.345194157755
630,2052,143.735856988,39406.808017452,3594.8502996331845
631,3754,148.372497536,44038.811924904,6047.142948484041
632,3944,92.73281096,39397.534736356,6072.593156452889
633,4548,129.825935344,40565.968154452,7252.305607728421
634,3346,-37.093124384,41739.038213096,5612.936984023643
635,4838,653.766317268,40561.331513904,7409.792909877247
636,2468,27.819843288,35938.600887548,4364.124594628039
637,1160,78.822889316,35943.237528096,2572.220796909095
638,1096,9.273281096,34774.80411,2278.502435440728
639,1106,115.9160137,34765.530828904,2485.986375099761
640,2189,69.54960822,41729.764932,4035.750963683647
641,2614,208.64882466,40565.968154452,4354.272085991715
642,2148,278.19843288,40552.058232808,3857.8221430669328
643,2214,194.738903016,41697.308448163996,3951.2410618298345
644,1884,120.552654248,35933.964246999996,3411.6347964173046
645,2013,51.003046028,37093.124384,3577.0202314817534
646,3373,111.279373152,37102.397665095996,5364.509835762559
647,4785,732.589206584,40575.241435548,7563.033295820191
648,424,23.18320274,22265.147911496,1300.8909665590209
649,1903,69.54960822,38252.284521,3588.7669441725006
650,2742,-18.546562192,40565.968154452,4406.058228857022
651,3885,278.19843288,40570.604795,6401.643116926242
652,3638,-13.909921644,41729.764932,6346.978361546207
653,3633,157.645778632,41725.128291452,5727.721658048458
654,807,880.96170412,35873.687919876,2136.6176463577276
655,3315,241.105308496,38247.647880452,5576.422410059637
656,4201,92.73281096,37083.851102904,6353.296386505375
657,3804,-4.636640548,39416.081298548,5986.714950907919
658,3716,204.012184112,38247.647880452,5555.1866255968835
659,2154,171.555700276,39411.444658,3809.7582194775696
660,702,217.922105756,34218.40724424,1913.3603061006377
661,2412,204.012184112,39411.444658,4182.326735869663
662,1648,41.729764932,34774.80411,3152.414054659312
663,1628,774.318971516,33615.643973,3208.1775446655797
664,1699,-18.546562192,33615.643973,3180.7669438094013
665,1109,78.822889316,34774.80411,2450.710134027751
666,4362,204.012184112,39406.808017452,6993.489219567814
667,3862,542.486944116,38256.921161548,6506.683591314034
668,2668,171.555700276,40570.604795,4724.593792364996
669,3825,111.279373152,39420.717939096,6018.090864571804
670,1705,111.279373152,37093.124384,3093.5938440061336
671,2602,148.372497536,38252.284521,4466.268405001218
672,1359,32.456483836,35929.327606451996,2681.141140338478
673,1956,74.186248768,38252.284521,3728.8790759669573
674,2076,64.912967672,37093.124384,3909.019807036043
675,1752,125.189294796,35929.327606451996,3263.882066438895
676,1532,-23.18320274,39406.808017452,3184.6432025510153
677,1447,820.685376996,40561.331513904,3141.6421229622642
678,1217,97.369451508,35933.964246999996,2617.89349848058
679,1125,23.18320274,34770.167469452,2342.923424791042
680,1721,-4.636640548,34774.80411,3207.3519894042493
681,1766,129.825935344,33606.370691904,3346.205329940174
682,1371,139.09921644,37088.487743452,2791.222796927021
683,1725,139.09921644,35933.964246999996,3201.534592708513
684,1748,60.276327124,37079.214462356,3383.5875793319065
685,3826,222.558746304,40561.331513904,6296.626711204963
686,4187,143.735856988,39411.444658,6777.932649160954
687,1702,185.46562192,38247.647880452,3331.939831299039
688,1716,-32.456483836,37088.487743452,3253.9549449363876
689,2558,194.738903016,38256.921161548,4287.481536423382
690,2344,153.009138084,39411.444658,4056.1623963183956
691,1165,-13.909921644,37093.124384,2585.5079042565544
692,2816,449.75413315599997,40561.331513904,4553.919267834731
693,2892,74.186248768,40565.968154452,5055.356238460616
694,3331,-18.546562192,35836.594795492,5428.900739279734
695,4225,162.28241918,39351.168330876,6701.311252756158
696,2661,37.093124384,38247.647880452,4451.006463566522
697,3325,208.64882466,41734.401572548,5546.6169768856025
698,1958,4.636640548,39402.171376904,3613.205064714558
699,1903,97.369451508,38247.647880452,3599.3246647376
700,7874,55.639686576,7766.3729179,10622.513415346799
701,4131,-13.909921644,39411.444658,6623.275822193833
702,2036,-23.18320274,39406.808017452,3750.2496449621735
703,2501,250.378589592,35947.874168644,4381.977528012655
704,3940,352.38468164799997,41725.128291452,6349.569353496129
705,2514,69.54960822,35933.964246999996,4062.299906278729
706,2448,32.456483836,37097.761024548,4019.1616352908645
707,1756,37.093124384,39406.808017452,3135.972748565572
708,1794,37.093124384,40565.968154452,3231.711886780144
709,1290,102.006092056,37088.487743452,2771.450387388143
710,2331,78.822889316,35933.964246999996,4076.6965791523503
711,2250,-9.273281096,38252.284521,4218.3888189032605
712,2200,78.822889316,34779.440750548,3914.5832793000864
713,1087,153.009138084,35933.964246999996,2406.0098065833154
714,1356,9.273281096,27810.570006904,2560.315231019374
715,3380,194.738903016,40561.331513904,5540.702102090498
716,2455,9.273281096,34756.257547807996,3887.911586505799
717,1957,143.735856988,38247.647880452,3481.5639000986866
718,2233,157.645778632,39411.444658,4017.892013132403
719,3005,111.279373152,40570.604795,4975.1618485122435
720,3182,111.279373152,39411.444658,5219.135090035447
721,2410,18.546562192,41725.128291452,4331.04943310847
722,3198,537.850303568,40575.241435548,5378.4383730725385
723,1082,-18.546562192,34886.083483152,2516.9338664997476
724,3358,204.012184112,39425.354579644,5652.220658069753
725,2098,176.19234082399998,40556.694873356,3925.0952693988147
726,4229,231.8320274,41725.128291452,6615.872300375015
727,3111,134.462575892,39425.354579644,5207.8348511084805
728,1550,97.369451508,33620.280613548,2898.63042466618
729,1460,-9.273281096,27819.843288,2656.14823703334
730,3260,268.925151784,40561.331513904,5155.134098915752
731,2467,-69.54960822,41715.855010356,3784.502967707461
732,3539,92.73281096,38252.284521,5569.8985980018
733,890,-51.003046028,30462.72840036,2191.71924803494
734,860,245.741949044,35906.144403712,2259.471340830392
735,2830,384.841165484,38247.647880452,4824.0707944887445
736,2092,134.462575892,41729.764932,3840.1930482808702
737,4020,92.73281096,41729.764932,6267.151018762132
738,2089,-41.729764932,35929.327606451996,3826.2043393046124
739,2238,115.9160137,38247.647880452,3971.0038439021073
740,2431,23.18320274,39416.081298548,4290.741637302312
741,1757,-13.909921644,37088.487743452,3367.4411144029273
742,1579,97.369451508,38243.011239904,3047.581774236842
743,1788,217.922105756,38252.284521,3506.757776769192
744,2313,115.9160137,37088.487743452,4125.393508670955
745,3089,115.9160137,40561.331513904,5269.498774709948
746,3273,194.738903016,41725.128291452,5530.005986692959
747,896,-18.546562192,32451.847195452,1953.3732607420345
748,2625,547.123584664,41739.038213096,4787.391350159137
749,1844,213.285465208,38247.647880452,3202.5502904352816
750,1337,32.456483836,35929.327606451996,2844.875464880264
751,1078,55.639686576,34770.167469452,2450.79437436054
752,2145,134.462575892,38252.284521,3843.9754392230907
753,2635,139.09921644,39392.898095808,4600.019188236788
754,1978,106.642732604,38252.284521,3653.7872433189423
755,2339,60.276327124,39411.444658,4251.656529754919
756,3010,41.729764932,40570.604795,5056.483855486661
757,3112,250.378589592,39411.444658,5236.134789192245
758,1701,102.006092056,39420.717939096,3294.313284942219
759,2122,134.462575892,39411.444658,3942.723160751552
760,1863,92.73281096,40565.968154452,3487.4137894942123
761,956,-18.546562192,33958.755373552,2284.732609767129
762,3975,162.28241918,39416.081298548,6443.390218989765
763,3702,491.483898088,40561.331513904,6017.619118708186
764,4227,171.555700276,41706.58172926,6798.9133057586905
765,3151,250.378589592,39392.898095808,5311.859627769503
766,665,217.922105756,31329.780182836,1810.5497936651009
767,2019,23.18320274,39402.171376904,3671.2839604391943
768,1765,157.645778632,40565.968154452,3097.7757748124395
769,1792,51.003046028,37102.397665095996,3432.4529895160895
770,2159,194.738903016,40570.604795,3654.4719968811833
771,2024,88.09617041199999,38252.284521,3511.566696338112
772,1952,115.9160137,38252.284521,3651.4032419010164
773,1936,78.822889316,37093.124384,3649.478952013453
774,1747,23.18320274,34770.167469452,3295.7610152328616
775,1968,746.499128228,35915.417684808,3584.76793523168
776,2679,106.642732604,40570.604795,4671.665591273738
777,3327,78.822889316,41711.218369808,5539.799527096329
778,2229,-60.276327124,37093.124384,3757.416090415857
779,1790,180.828981372,40561.331513904,3100.9793143250677
780,1744,-23.18320274,37093.124384,3343.3917028250257
781,952,-37.093124384,33791.836313824,2171.828902030157
782,1376,788.22889316,38247.647880452,2725.413045519015
783,2448,120.552654248,40561.331513904,4292.74054005606
784,1854,-4.636640548,41729.764932,3450.6825975316056
785,1676,0.0,39392.898095808,3390.750414485613
786,1383,60.276327124,35920.054325356,2768.912346504547
787,2846,157.645778632,38252.284521,4821.573670338216
788,4602,51.003046028,37097.761024548,7142.479079004894
789,1145,51.003046028,35938.600887548,2533.4136824599054
790,1091,4.636640548,30142.800202548,2405.195082221914
791,1564,88.09617041199999,37093.124384,3142.945441253841
792,2515,125.189294796,37093.124384,3955.7707848672253
794,2711,69.54960822,39406.808017452,4614.1932259451805
795,3526,834.59529864,40570.604795,5671.471980978666
796,1326,115.9160137,37088.487743452,2807.058776058007
797,545,825.322017544,28417.969918692,1581.9804987090088
798,1069,4.636640548,33620.280613548,2301.52291152528
799,1134,46.36640548,32451.847195452,2380.2888261162166
800,1958,-9.273281096,39411.444658,3652.856989358288
801,2214,148.372497536,38266.194442644,4084.1590692041195
802,2663,32.456483836,39406.808017452,4429.25320277378
803,1381,-27.819843288,34770.167469452,2890.2340703537793
804,2510,319.928197812,38252.284521,4419.626939602661
805,1273,4.636640548,35920.054325356,2573.28102166891
806,1277,190.102262468,32456.483836,2606.7087891528668
807,1652,27.819843288,35929.327606451996,3129.5018875740598
808,2525,102.006092056,37093.124384,4064.9330183950447
809,1955,88.09617041199999,34774.80411,3394.373952228861
810,1509,848.505220284,35947.874168644,2992.7136386247876
811,3059,115.9160137,38252.284521,4956.95630916324
812,3157,-32.456483836,41729.764932,5371.09742978665
813,1911,60.276327124,34774.80411,3571.047591887021
814,684,862.415141928,30805.839800912,1860.842475773393
815,1792,162.28241918,42888.925069,3416.6663511514525
816,1983,-18.546562192,34774.80411,3617.3376547545154
817,1423,718.67928494,35929.327606451996,2785.7953126287653
818,1865,18.546562192,37093.124384,3383.598410231837
819,1835,23.18320274,35920.054325356,3192.9565199639537
820,2662,166.919059728,38252.284521,4435.43764663381
821,2246,143.735856988,39411.444658,4031.9914379746124
822,3052,106.642732604,38252.284521,5011.734187275877
823,3265,74.186248768,37093.124384,5280.167211140998
824,829,-9.273281096,17021.107451708,1824.749103473331
825,1041,-23.18320274,35924.690965904,2366.688826104113
826,927,-74.186248768,32781.04867436,2289.8315567675077
827,1107,-27.819843288,33611.007332452,2443.975721137942
828,1278,-32.456483836,32451.847195452,2505.36044820788
829,800,69.54960822,34913.90332644,2122.691515914399
830,1572,-9.273281096,38247.647880452,2928.77281917137
831,1772,102.006092056,34774.80411,3329.27783678291
832,2107,857.77850138,35933.964246999996,3661.4831994358697
833,3645,74.186248768,39406.808017452,5773.819171583863
834,3602,1080.337247684,40561.331513904,6089.318472811461
835,1966,125.189294796,38256.921161548,3713.4342126667775
836,1004,69.54960822,34770.167469452,2366.4469360056764
837,1682,46.36640548,37088.487743452,3248.8776597358687
838,2393,394.11444658,40570.604795,4298.553123018493
839,2154,166.919059728,41720.491650904,3924.5368763357565
840,1401,4.636640548,34770.167469452,2844.117301885164
841,1691,-13.909921644,35943.237528096,3128.464528047431
842,2856,83.459529864,40570.604795,4771.853822492888
843,3229,255.01523014,41729.764932,5161.020091311044
844,2673,-9.273281096,38252.284521,4563.888509503633
845,2986,78.822889316,39425.354579644,4958.011720189752
846,2846,217.922105756,41729.764932,4852.918294735637
847,1918,-60.276327124,39416.081298548,3674.2720853865485
848,2523,612.036552336,40598.424638288,4531.113002882128
849,3886,333.838119456,39383.624814712,6237.230055988843
850,3685,848.505220284,35943.237528096,5793.603615455997
851,3819,185.46562192,38252.284521,6016.2772905501915
852,4274,51.003046028,41729.764932,6720.893519829597
853,2405,208.64882466,39406.808017452,4363.289411900103
854,3319,292.108354524,38243.011239904,5520.507287454348
855,2956,-23.18320274,42916.744912288,5114.739655910154
856,2871,-51.003046028,41729.764932,5075.410251397674
857,3459,329.201478908,38247.647880452,5743.625029445675
858,1770,894.871625764,35924.690965904,3533.900011993772
859,3012,259.651870688,39411.444658,5278.915640482419
860,4326,9.273281096,42888.925069,6866.996342718669
861,4451,125.189294796,42647.819760504,6823.007244369638
862,3414,125.189294796,39406.808017452,5777.606376259387
863,4107,913.418187956,38247.647880452,6586.816606162802
864,2841,185.46562192,38261.557802096,4848.396995731524
865,2306,120.552654248,39406.808017452,4242.64762787981
866,2850,134.462575892,40561.331513904,4802.893978258943
867,2339,69.54960822,39402.171376904,4163.550769124346
868,1520,74.186248768,39397.534736356,3267.1361501511974
869,869,250.378589592,30527.641368032,2007.0512007951143
870,1964,55.639686576,35933.964246999996,3624.483641841664
871,2016,-32.456483836,38256.921161548,3752.845450645397
872,1679,83.459529864,37107.034305643996,3177.6825441960023
873,1266,41.729764932,35938.600887548,2615.7477768611143
874,1137,27.819843288,37093.124384,2495.4044443055586
875,2624,153.009138084,40561.331513904,4602.068635190209
876,1840,97.369451508,41720.491650904,3652.1902872959304
877,1885,162.28241918,39411.444658,3567.316948577799
878,1692,41.729764932,38252.284521,3181.17611114009
879,1467,-18.546562192,32456.483836,2956.08834879483
880,1013,37.093124384,32456.483836,2205.6429716116177
881,1362,829.958658092,38247.647880452,2927.2288142146817
882,980,4.636640548,39406.808017452,2179.260102815463
883,2133,-13.909921644,38252.284521,3350.39809164641
884,2856,64.912967672,39406.808017452,4751.740841322879
885,2442,357.02132219599997,40565.968154452,4017.9882877984473
886,2621,-13.909921644,39406.808017452,4538.967812198029
887,2321,0.0,35933.964246999996,3934.643309403772
888,1570,157.645778632,38252.284521,3225.7946051183876
889,2136,153.009138084,39411.444658,4007.499162932905
890,1200,-18.546562192,33611.007332452,2533.937175956522
891,2441,-32.456483836,38243.011239904,4458.817949282704
892,1093,-13.909921644,34774.80411,2503.058280256092
893,2560,190.102262468,39411.444658,4787.703039390455
894,5230,556.39686576,38252.284521,7852.486689582789
896,3182,37.093124384,40570.604795,5136.742027401287
897,2721,60.276327124,39406.808017452,4707.110313011326
898,2125,454.39077370399997,40565.968154452,3689.6784388203105
899,847,-32.456483836,31264.867215164,2156.13974176489
900,2927,894.871625764,40584.514716644,4492.5862883977925
902,3475,-32.456483836,39411.444658,5782.273290695892
903,1203,9.273281096,34774.80411,2466.8204959569634
904,2953,139.09921644,40575.241435548,5074.7892798016865
905,3357,32.456483836,41720.491650904,5478.31250819372
906,1621,306.018276168,39402.171376904,3245.0302833940677
907,2290,51.003046028,38252.284521,3975.44932660671
908,1238,78.822889316,33615.643973,2579.459448362312
909,1114,37.093124384,32447.210554904,2408.2915161685683
910,3132,-41.729764932,40570.604795,5252.996093516604
911,3793,176.19234082399998,39411.444658,6074.309252375131
912,2945,306.018276168,35933.964246999996,4923.280634414219
913,1313,-37.093124384,33620.280613548,2634.6043736392444
914,3220,199.375543564,37097.761024548,5266.892138126794
915,749,46.36640548,29298.931622812,1982.063111223279
916,1229,-4.636640548,32447.210554904,2543.33358336246
917,1234,23.18320274,33615.643973,2638.2712349822123
918,1110,51.003046028,32451.847195452,2452.1747123849523
919,1428,-23.18320274,37088.487743452,3045.586481783071
920,731,-32.456483836,12750.761507,1422.7506251047766
921,1319,41.729764932,37093.124384,2760.2536437271747
923,853,-13.909921644,33624.917254096,2114.511779600598
924,1392,27.819843288,34765.530828904,2859.674084484621
925,1164,199.375543564,37079.214462356,2664.4579441463006
926,2826,222.558746304,40547.42159226,4881.522701450766
927,3598,148.372497536,39420.717939096,5911.306615295282
928,2102,51.003046028,39402.171376904,3817.7309652593754
929,2161,74.186248768,35933.964246999996,3727.775527607423
930,3431,194.738903016,41715.855010356,5681.064548016669
931,3215,148.372497536,40561.331513904,5360.096845757746
932,2468,185.46562192,38238.374599356,4462.174324827678
933,3109,139.09921644,39402.171376904,5318.586820059359
934,1824,-9.273281096,35929.327606451996,3414.5892252315434
935,1319,64.912967672,35933.964246999996,2577.779455439837
936,4226,92.73281096,16914.464719104,6144.024144924566
937,2987,106.642732604,38252.284521,5301.925285667042
938,3026,361.657962744,39411.444658,5157.214835135637
939,1091,27.819843288,34417.782787804,2575.421929555073
940,6403,241.105308496,19919.007794208,8968.766170268285
941,2698,-55.639686576,38233.737958808,4868.024993271335
942,3620,134.462575892,37083.851102904,6007.941107904069
943,796,-46.36640548,27991.398988276,2016.1804460027788
944,2292,143.735856988,39397.534736356,4192.017984440363
945,791,282.835073428,32141.192278735998,2034.3667304185742
946,1212,18.546562192,34779.440750548,2344.0690933169712
947,1808,0.0,35933.964246999996,3505.6590421429596
948,2963,88.09617041199999,39411.444658,5329.388837589546
949,2318,612.036552336,38256.921161548,4404.848778364839
950,2361,-27.819843288,40575.241435548,4313.307215589804
951,1879,148.372497536,39397.534736356,3676.4960301721753
952,1865,-32.456483836,38252.284521,3638.4121791516445
953,1647,162.28241918,39411.444658,3289.309409174559
954,1752,231.8320274,38252.284521,3461.170518963822
955,2408,338.474760004,39416.081298548,4309.742646079509
956,2805,185.46562192,40565.968154452,4956.311268900742
957,2496,278.19843288,40570.604795,4397.852017010058
958,625,162.28241918,30787.293238719998,1788.2224951760688
959,694,-18.546562192,26948.154864976,1806.6964001566723
961,2562,185.46562192,40575.241435548,4487.477713930809
962,2947,190.102262468,41734.401572548,5118.940841649669
963,2636,-4.636640548,40570.604795,4747.479483917086
964,3318,199.375543564,41720.491650904,5516.081059682955
965,2667,23.18320274,35924.690965904,4510.519851815221
966,3021,120.552654248,39411.444658,4829.222692555448
967,3868,-23.18320274,40561.331513904,6250.543638869464
968,2941,264.288511236,41729.764932,4899.493571301287
969,4463,208.64882466,39411.444658,7097.01216453208
970,1756,92.73281096,34774.80411,3289.439379973719
971,1371,23.18320274,35929.327606451996,2779.7276018013144
972,1286,51.003046028,31297.323699,2648.3812783502044
973,969,-4.636640548,30128.890280904,2065.72338914925
974,2297,180.828981372,38256.921161548,3913.6758905726174
975,2032,41.729764932,41725.128291452,3781.253697728461
976,3020,139.09921644,38182.73491278,5171.659645342281
977,3087,204.012184112,41655.578683232,5229.63504580092
978,3435,194.738903016,40565.968154452,5566.457982124037
979,2101,236.468667948,40575.241435548,3863.5829783963677
980,910,23.18320274,34223.043884788,2298.563668977739
981,3749,4.636640548,39402.171376904,6190.8557527885605
982,3772,1001.514358368,40584.514716644,6025.703783789269
983,1911,64.912967672,39411.444658,3421.2863316882604
984,1729,18.546562192,38247.647880452,3159.6466889459016
985,2402,-18.546562192,38252.284521,4383.386748436881
986,2405,-23.18320274,38252.284521,4397.317692613513
987,2565,88.09617041199999,37088.487743452,4382.3469820436
988,2578,88.09617041199999,37088.487743452,4398.161299374726
989,3152,208.64882466,38233.737958808,5413.913180643266
990,2352,213.285465208,41729.764932,4167.7170552974185
991,3743,74.186248768,39411.444658,6142.648620633456
992,614,-18.546562192,23373.305002467998,1617.3530144470633
994,2562,185.46562192,40575.241435548,4487.477713930809
995,3050,190.102262468,41729.764932,5244.470971838369
996,2660,23.18320274,35924.690965904,4502.065732703193
997,3034,120.552654248,39416.081298548,4843.1885362985195
998,2645,296.744995072,39411.444658,4706.704755980613
999,2859,519.303741376,35929.327606451996,4891.706154251618
1000,1632,296.744995072,39402.171376904,3455.9223462310747
